2026-01-03T21:46:47.375+09:00  INFO 28292 --- [restartedMain] c.t.b.t.TallybotBackApplication          : Starting TallybotBackApplication using Java 17.0.17 with PID 28292 (C:\Users\jhy69\OneDrive\문서\GitHub\TallyBot\api-backend\tallybot_back\build\classes\java\main started by jhy69 in C:\Users\jhy69\OneDrive\문서\GitHub\TallyBot\api-backend\tallybot_back)
2026-01-03T21:46:47.429+09:00 DEBUG 28292 --- [restartedMain] c.t.b.t.TallybotBackApplication          : Running with Spring Boot v3.4.5, Spring v6.2.6
2026-01-03T21:46:47.430+09:00  INFO 28292 --- [restartedMain] c.t.b.t.TallybotBackApplication          : The following 1 profile is active: "rds"
2026-01-03T21:46:48.231+09:00  INFO 28292 --- [restartedMain] .e.DevToolsPropertyDefaultsPostProcessor : Devtools property defaults active! Set 'spring.devtools.add-properties' to 'false' to disable
2026-01-03T21:46:48.232+09:00  INFO 28292 --- [restartedMain] .e.DevToolsPropertyDefaultsPostProcessor : For additional web related logging consider setting the 'logging.level.web' property to 'DEBUG'
2026-01-03T21:46:51.992+09:00  INFO 28292 --- [restartedMain] .s.d.r.c.RepositoryConfigurationDelegate : Bootstrapping Spring Data JPA repositories in DEFAULT mode.
2026-01-03T21:46:52.235+09:00  INFO 28292 --- [restartedMain] .s.d.r.c.RepositoryConfigurationDelegate : Finished Spring Data repository scanning in 220 ms. Found 7 JPA repository interfaces.
2026-01-03T21:46:54.917+09:00  INFO 28292 --- [restartedMain] o.s.b.w.embedded.tomcat.TomcatWebServer  : Tomcat initialized with port 8080 (http)
2026-01-03T21:46:54.960+09:00  INFO 28292 --- [restartedMain] o.apache.catalina.core.StandardService   : Starting service [Tomcat]
2026-01-03T21:46:54.961+09:00  INFO 28292 --- [restartedMain] o.apache.catalina.core.StandardEngine    : Starting Servlet engine: [Apache Tomcat/10.1.40]
2026-01-03T21:46:55.133+09:00  INFO 28292 --- [restartedMain] o.a.c.c.C.[Tomcat].[localhost].[/]       : Initializing Spring embedded WebApplicationContext
2026-01-03T21:46:55.134+09:00  INFO 28292 --- [restartedMain] w.s.c.ServletWebServerApplicationContext : Root WebApplicationContext: initialization completed in 6900 ms
2026-01-03T21:46:55.738+09:00  INFO 28292 --- [restartedMain] c.t.b.t.config.SecretsManagerConfig      : ? AWS Secrets Manager에서 DB 정보를 가져오는 중... (Secret: tallybot-test-db)
2026-01-03T21:46:59.714+09:00 ERROR 28292 --- [restartedMain] c.t.b.t.config.SecretsManagerConfig      : ? AWS Secrets Manager에서 DB 정보 가져오기 실패: Unable to load credentials from any of the providers in the chain AwsCredentialsProviderChain(credentialsProviders=[SystemPropertyCredentialsProvider(), EnvironmentVariableCredentialsProvider(), WebIdentityTokenCredentialsProvider(), ProfileCredentialsProvider(profileName=default, profileFile=ProfileFile(profilesAndSectionsMap=[])), ContainerCredentialsProvider(), InstanceProfileCredentialsProvider()]) : [SystemPropertyCredentialsProvider(): Unable to load credentials from system settings. Access key must be specified either via environment variable (AWS_ACCESS_KEY_ID) or system property (aws.accessKeyId)., EnvironmentVariableCredentialsProvider(): Unable to load credentials from system settings. Access key must be specified either via environment variable (AWS_ACCESS_KEY_ID) or system property (aws.accessKeyId)., WebIdentityTokenCredentialsProvider(): Either the environment variable AWS_WEB_IDENTITY_TOKEN_FILE or the javaproperty aws.webIdentityTokenFile must be set., ProfileCredentialsProvider(profileName=default, profileFile=ProfileFile(profilesAndSectionsMap=[])): Profile file contained no credentials for profile 'default': ProfileFile(profilesAndSectionsMap=[]), ContainerCredentialsProvider(): Cannot fetch credentials from container - neither AWS_CONTAINER_CREDENTIALS_FULL_URI or AWS_CONTAINER_CREDENTIALS_RELATIVE_URI environment variables are set., InstanceProfileCredentialsProvider(): Failed to load credentials from IMDS.]
2026-01-03T21:46:59.717+09:00  WARN 28292 --- [restartedMain] ConfigServletWebServerApplicationContext : Exception encountered during context initialization - cancelling refresh attempt: org.springframework.beans.factory.BeanCreationException: Error creating bean with name 'entityManagerFactory' defined in class path resource [org/springframework/boot/autoconfigure/orm/jpa/HibernateJpaConfiguration.class]: Failed to initialize dependency 'dataSourceScriptDatabaseInitializer' of LoadTimeWeaverAware bean 'entityManagerFactory': Error creating bean with name 'dataSourceScriptDatabaseInitializer' defined in class path resource [org/springframework/boot/autoconfigure/sql/init/DataSourceInitializationConfiguration.class]: Unsatisfied dependency expressed through method 'dataSourceScriptDatabaseInitializer' parameter 0: Error creating bean with name 'dataSource' defined in class path resource [com/tallybot/backend/tallybot_back/config/SecretsManagerConfig.class]: Failed to instantiate [javax.sql.DataSource]: Factory method 'dataSource' threw exception with message: Failed to configure DataSource from AWS Secrets Manager
2026-01-03T21:46:59.722+09:00  INFO 28292 --- [restartedMain] o.apache.catalina.core.StandardService   : Stopping service [Tomcat]
2026-01-03T21:46:59.752+09:00  INFO 28292 --- [restartedMain] .s.b.a.l.ConditionEvaluationReportLogger : 

Error starting ApplicationContext. To display the condition evaluation report re-run your application with 'debug' enabled.
2026-01-03T21:46:59.798+09:00 ERROR 28292 --- [restartedMain] o.s.boot.SpringApplication               : Application run failed

org.springframework.beans.factory.BeanCreationException: Error creating bean with name 'entityManagerFactory' defined in class path resource [org/springframework/boot/autoconfigure/orm/jpa/HibernateJpaConfiguration.class]: Failed to initialize dependency 'dataSourceScriptDatabaseInitializer' of LoadTimeWeaverAware bean 'entityManagerFactory': Error creating bean with name 'dataSourceScriptDatabaseInitializer' defined in class path resource [org/springframework/boot/autoconfigure/sql/init/DataSourceInitializationConfiguration.class]: Unsatisfied dependency expressed through method 'dataSourceScriptDatabaseInitializer' parameter 0: Error creating bean with name 'dataSource' defined in class path resource [com/tallybot/backend/tallybot_back/config/SecretsManagerConfig.class]: Failed to instantiate [javax.sql.DataSource]: Factory method 'dataSource' threw exception with message: Failed to configure DataSource from AWS Secrets Manager
	at org.springframework.beans.factory.support.AbstractBeanFactory.doGetBean(AbstractBeanFactory.java:328) ~[spring-beans-6.2.6.jar:6.2.6]
	at org.springframework.beans.factory.support.AbstractBeanFactory.getBean(AbstractBeanFactory.java:207) ~[spring-beans-6.2.6.jar:6.2.6]
	at org.springframework.context.support.AbstractApplicationContext.finishBeanFactoryInitialization(AbstractApplicationContext.java:970) ~[spring-context-6.2.6.jar:6.2.6]
	at org.springframework.context.support.AbstractApplicationContext.refresh(AbstractApplicationContext.java:627) ~[spring-context-6.2.6.jar:6.2.6]
	at org.springframework.boot.web.servlet.context.ServletWebServerApplicationContext.refresh(ServletWebServerApplicationContext.java:146) ~[spring-boot-3.4.5.jar:3.4.5]
	at org.springframework.boot.SpringApplication.refresh(SpringApplication.java:753) ~[spring-boot-3.4.5.jar:3.4.5]
	at org.springframework.boot.SpringApplication.refreshContext(SpringApplication.java:439) ~[spring-boot-3.4.5.jar:3.4.5]
	at org.springframework.boot.SpringApplication.run(SpringApplication.java:318) ~[spring-boot-3.4.5.jar:3.4.5]
	at org.springframework.boot.SpringApplication.run(SpringApplication.java:1362) ~[spring-boot-3.4.5.jar:3.4.5]
	at org.springframework.boot.SpringApplication.run(SpringApplication.java:1351) ~[spring-boot-3.4.5.jar:3.4.5]
	at com.tallybot.backend.tallybot_back.TallybotBackApplication.main(TallybotBackApplication.java:10) ~[main/:na]
	at java.base/jdk.internal.reflect.NativeMethodAccessorImpl.invoke0(Native Method) ~[na:na]
	at java.base/jdk.internal.reflect.NativeMethodAccessorImpl.invoke(NativeMethodAccessorImpl.java:77) ~[na:na]
	at java.base/jdk.internal.reflect.DelegatingMethodAccessorImpl.invoke(DelegatingMethodAccessorImpl.java:43) ~[na:na]
	at java.base/java.lang.reflect.Method.invoke(Method.java:569) ~[na:na]
	at org.springframework.boot.devtools.restart.RestartLauncher.run(RestartLauncher.java:50) ~[spring-boot-devtools-3.4.5.jar:3.4.5]
Caused by: org.springframework.beans.factory.UnsatisfiedDependencyException: Error creating bean with name 'dataSourceScriptDatabaseInitializer' defined in class path resource [org/springframework/boot/autoconfigure/sql/init/DataSourceInitializationConfiguration.class]: Unsatisfied dependency expressed through method 'dataSourceScriptDatabaseInitializer' parameter 0: Error creating bean with name 'dataSource' defined in class path resource [com/tallybot/backend/tallybot_back/config/SecretsManagerConfig.class]: Failed to instantiate [javax.sql.DataSource]: Factory method 'dataSource' threw exception with message: Failed to configure DataSource from AWS Secrets Manager
	at org.springframework.beans.factory.support.ConstructorResolver.createArgumentArray(ConstructorResolver.java:804) ~[spring-beans-6.2.6.jar:6.2.6]
	at org.springframework.beans.factory.support.ConstructorResolver.instantiateUsingFactoryMethod(ConstructorResolver.java:546) ~[spring-beans-6.2.6.jar:6.2.6]
	at org.springframework.beans.factory.support.AbstractAutowireCapableBeanFactory.instantiateUsingFactoryMethod(AbstractAutowireCapableBeanFactory.java:1367) ~[spring-beans-6.2.6.jar:6.2.6]
	at org.springframework.beans.factory.support.AbstractAutowireCapableBeanFactory.createBeanInstance(AbstractAutowireCapableBeanFactory.java:1197) ~[spring-beans-6.2.6.jar:6.2.6]
	at org.springframework.beans.factory.support.AbstractAutowireCapableBeanFactory.doCreateBean(AbstractAutowireCapableBeanFactory.java:569) ~[spring-beans-6.2.6.jar:6.2.6]
	at org.springframework.beans.factory.support.AbstractAutowireCapableBeanFactory.createBean(AbstractAutowireCapableBeanFactory.java:529) ~[spring-beans-6.2.6.jar:6.2.6]
	at org.springframework.beans.factory.support.AbstractBeanFactory.lambda$doGetBean$0(AbstractBeanFactory.java:339) ~[spring-beans-6.2.6.jar:6.2.6]
	at org.springframework.beans.factory.support.DefaultSingletonBeanRegistry.getSingleton(DefaultSingletonBeanRegistry.java:371) ~[spring-beans-6.2.6.jar:6.2.6]
	at org.springframework.beans.factory.support.AbstractBeanFactory.doGetBean(AbstractBeanFactory.java:337) ~[spring-beans-6.2.6.jar:6.2.6]
	at org.springframework.beans.factory.support.AbstractBeanFactory.getBean(AbstractBeanFactory.java:202) ~[spring-beans-6.2.6.jar:6.2.6]
	at org.springframework.beans.factory.support.AbstractBeanFactory.doGetBean(AbstractBeanFactory.java:315) ~[spring-beans-6.2.6.jar:6.2.6]
	... 15 common frames omitted
Caused by: org.springframework.beans.factory.BeanCreationException: Error creating bean with name 'dataSource' defined in class path resource [com/tallybot/backend/tallybot_back/config/SecretsManagerConfig.class]: Failed to instantiate [javax.sql.DataSource]: Factory method 'dataSource' threw exception with message: Failed to configure DataSource from AWS Secrets Manager
	at org.springframework.beans.factory.support.ConstructorResolver.instantiate(ConstructorResolver.java:657) ~[spring-beans-6.2.6.jar:6.2.6]
	at org.springframework.beans.factory.support.ConstructorResolver.instantiateUsingFactoryMethod(ConstructorResolver.java:489) ~[spring-beans-6.2.6.jar:6.2.6]
	at org.springframework.beans.factory.support.AbstractAutowireCapableBeanFactory.instantiateUsingFactoryMethod(AbstractAutowireCapableBeanFactory.java:1367) ~[spring-beans-6.2.6.jar:6.2.6]
	at org.springframework.beans.factory.support.AbstractAutowireCapableBeanFactory.createBeanInstance(AbstractAutowireCapableBeanFactory.java:1197) ~[spring-beans-6.2.6.jar:6.2.6]
	at org.springframework.beans.factory.support.AbstractAutowireCapableBeanFactory.doCreateBean(AbstractAutowireCapableBeanFactory.java:569) ~[spring-beans-6.2.6.jar:6.2.6]
	at org.springframework.beans.factory.support.AbstractAutowireCapableBeanFactory.createBean(AbstractAutowireCapableBeanFactory.java:529) ~[spring-beans-6.2.6.jar:6.2.6]
	at org.springframework.beans.factory.support.AbstractBeanFactory.lambda$doGetBean$0(AbstractBeanFactory.java:339) ~[spring-beans-6.2.6.jar:6.2.6]
	at org.springframework.beans.factory.support.DefaultSingletonBeanRegistry.getSingleton(DefaultSingletonBeanRegistry.java:371) ~[spring-beans-6.2.6.jar:6.2.6]
	at org.springframework.beans.factory.support.AbstractBeanFactory.doGetBean(AbstractBeanFactory.java:337) ~[spring-beans-6.2.6.jar:6.2.6]
	at org.springframework.beans.factory.support.AbstractBeanFactory.getBean(AbstractBeanFactory.java:202) ~[spring-beans-6.2.6.jar:6.2.6]
	at org.springframework.beans.factory.support.DefaultListableBeanFactory.doResolveDependency(DefaultListableBeanFactory.java:1681) ~[spring-beans-6.2.6.jar:6.2.6]
	at org.springframework.beans.factory.support.DefaultListableBeanFactory.resolveDependency(DefaultListableBeanFactory.java:1627) ~[spring-beans-6.2.6.jar:6.2.6]
	at org.springframework.beans.factory.support.ConstructorResolver.resolveAutowiredArgument(ConstructorResolver.java:913) ~[spring-beans-6.2.6.jar:6.2.6]
	at org.springframework.beans.factory.support.ConstructorResolver.createArgumentArray(ConstructorResolver.java:791) ~[spring-beans-6.2.6.jar:6.2.6]
	... 25 common frames omitted
Caused by: org.springframework.beans.BeanInstantiationException: Failed to instantiate [javax.sql.DataSource]: Factory method 'dataSource' threw exception with message: Failed to configure DataSource from AWS Secrets Manager
	at org.springframework.beans.factory.support.SimpleInstantiationStrategy.lambda$instantiate$0(SimpleInstantiationStrategy.java:199) ~[spring-beans-6.2.6.jar:6.2.6]
	at org.springframework.beans.factory.support.SimpleInstantiationStrategy.instantiateWithFactoryMethod(SimpleInstantiationStrategy.java:88) ~[spring-beans-6.2.6.jar:6.2.6]
	at org.springframework.beans.factory.support.SimpleInstantiationStrategy.instantiate(SimpleInstantiationStrategy.java:168) ~[spring-beans-6.2.6.jar:6.2.6]
	at org.springframework.beans.factory.support.ConstructorResolver.instantiate(ConstructorResolver.java:653) ~[spring-beans-6.2.6.jar:6.2.6]
	... 38 common frames omitted
Caused by: java.lang.RuntimeException: Failed to configure DataSource from AWS Secrets Manager
	at com.tallybot.backend.tallybot_back.config.SecretsManagerConfig.dataSource(SecretsManagerConfig.java:80) ~[main/:na]
	at com.tallybot.backend.tallybot_back.config.SecretsManagerConfig$$SpringCGLIB$$0.CGLIB$dataSource$0(<generated>) ~[main/:na]
	at com.tallybot.backend.tallybot_back.config.SecretsManagerConfig$$SpringCGLIB$$FastClass$$1.invoke(<generated>) ~[main/:na]
	at org.springframework.cglib.proxy.MethodProxy.invokeSuper(MethodProxy.java:258) ~[spring-core-6.2.6.jar:6.2.6]
	at org.springframework.context.annotation.ConfigurationClassEnhancer$BeanMethodInterceptor.intercept(ConfigurationClassEnhancer.java:393) ~[spring-context-6.2.6.jar:6.2.6]
	at com.tallybot.backend.tallybot_back.config.SecretsManagerConfig$$SpringCGLIB$$0.dataSource(<generated>) ~[main/:na]
	at java.base/jdk.internal.reflect.NativeMethodAccessorImpl.invoke0(Native Method) ~[na:na]
	at java.base/jdk.internal.reflect.NativeMethodAccessorImpl.invoke(NativeMethodAccessorImpl.java:77) ~[na:na]
	at java.base/jdk.internal.reflect.DelegatingMethodAccessorImpl.invoke(DelegatingMethodAccessorImpl.java:43) ~[na:na]
	at java.base/java.lang.reflect.Method.invoke(Method.java:569) ~[na:na]
	at org.springframework.beans.factory.support.SimpleInstantiationStrategy.lambda$instantiate$0(SimpleInstantiationStrategy.java:171) ~[spring-beans-6.2.6.jar:6.2.6]
	... 41 common frames omitted
Caused by: software.amazon.awssdk.core.exception.SdkClientException: Unable to load credentials from any of the providers in the chain AwsCredentialsProviderChain(credentialsProviders=[SystemPropertyCredentialsProvider(), EnvironmentVariableCredentialsProvider(), WebIdentityTokenCredentialsProvider(), ProfileCredentialsProvider(profileName=default, profileFile=ProfileFile(profilesAndSectionsMap=[])), ContainerCredentialsProvider(), InstanceProfileCredentialsProvider()]) : [SystemPropertyCredentialsProvider(): Unable to load credentials from system settings. Access key must be specified either via environment variable (AWS_ACCESS_KEY_ID) or system property (aws.accessKeyId)., EnvironmentVariableCredentialsProvider(): Unable to load credentials from system settings. Access key must be specified either via environment variable (AWS_ACCESS_KEY_ID) or system property (aws.accessKeyId)., WebIdentityTokenCredentialsProvider(): Either the environment variable AWS_WEB_IDENTITY_TOKEN_FILE or the javaproperty aws.webIdentityTokenFile must be set., ProfileCredentialsProvider(profileName=default, profileFile=ProfileFile(profilesAndSectionsMap=[])): Profile file contained no credentials for profile 'default': ProfileFile(profilesAndSectionsMap=[]), ContainerCredentialsProvider(): Cannot fetch credentials from container - neither AWS_CONTAINER_CREDENTIALS_FULL_URI or AWS_CONTAINER_CREDENTIALS_RELATIVE_URI environment variables are set., InstanceProfileCredentialsProvider(): Failed to load credentials from IMDS.]
	at software.amazon.awssdk.core.exception.SdkClientException$BuilderImpl.build(SdkClientException.java:111) ~[sdk-core-2.20.26.jar:na]
	at software.amazon.awssdk.auth.credentials.AwsCredentialsProviderChain.resolveCredentials(AwsCredentialsProviderChain.java:117) ~[auth-2.20.26.jar:na]
	at software.amazon.awssdk.auth.credentials.internal.LazyAwsCredentialsProvider.resolveCredentials(LazyAwsCredentialsProvider.java:45) ~[auth-2.20.26.jar:na]
	at software.amazon.awssdk.auth.credentials.DefaultCredentialsProvider.resolveCredentials(DefaultCredentialsProvider.java:126) ~[auth-2.20.26.jar:na]
	at software.amazon.awssdk.core.internal.util.MetricUtils.measureDuration(MetricUtils.java:50) ~[sdk-core-2.20.26.jar:na]
	at software.amazon.awssdk.awscore.internal.authcontext.AwsCredentialsAuthorizationStrategy.resolveCredentials(AwsCredentialsAuthorizationStrategy.java:100) ~[aws-core-2.20.26.jar:na]
	at software.amazon.awssdk.awscore.internal.authcontext.AwsCredentialsAuthorizationStrategy.addCredentialsToExecutionAttributes(AwsCredentialsAuthorizationStrategy.java:77) ~[aws-core-2.20.26.jar:na]
	at software.amazon.awssdk.awscore.internal.AwsExecutionContextBuilder.invokeInterceptorsAndCreateExecutionContext(AwsExecutionContextBuilder.java:123) ~[aws-core-2.20.26.jar:na]
	at software.amazon.awssdk.awscore.client.handler.AwsSyncClientHandler.invokeInterceptorsAndCreateExecutionContext(AwsSyncClientHandler.java:69) ~[aws-core-2.20.26.jar:na]
	at software.amazon.awssdk.core.internal.handler.BaseSyncClientHandler.lambda$execute$1(BaseSyncClientHandler.java:78) ~[sdk-core-2.20.26.jar:na]
	at software.amazon.awssdk.core.internal.handler.BaseSyncClientHandler.measureApiCallSuccess(BaseSyncClientHandler.java:179) ~[sdk-core-2.20.26.jar:na]
	at software.amazon.awssdk.core.internal.handler.BaseSyncClientHandler.execute(BaseSyncClientHandler.java:76) ~[sdk-core-2.20.26.jar:na]
	at software.amazon.awssdk.core.client.handler.SdkSyncClientHandler.execute(SdkSyncClientHandler.java:45) ~[sdk-core-2.20.26.jar:na]
	at software.amazon.awssdk.awscore.client.handler.AwsSyncClientHandler.execute(AwsSyncClientHandler.java:56) ~[aws-core-2.20.26.jar:na]
	at software.amazon.awssdk.services.secretsmanager.DefaultSecretsManagerClient.getSecretValue(DefaultSecretsManagerClient.java:978) ~[secretsmanager-2.20.26.jar:na]
	at com.tallybot.backend.tallybot_back.config.SecretsManagerConfig.dataSource(SecretsManagerConfig.java:44) ~[main/:na]
	... 51 common frames omitted

2026-01-03T21:48:30.285+09:00  INFO 32412 --- [restartedMain] c.t.b.t.TallybotBackApplication          : Starting TallybotBackApplication using Java 17.0.17 with PID 32412 (C:\Users\jhy69\OneDrive\문서\GitHub\TallyBot\api-backend\tallybot_back\build\classes\java\main started by jhy69 in C:\Users\jhy69\OneDrive\문서\GitHub\TallyBot\api-backend\tallybot_back)
2026-01-03T21:48:30.288+09:00 DEBUG 32412 --- [restartedMain] c.t.b.t.TallybotBackApplication          : Running with Spring Boot v3.4.5, Spring v6.2.6
2026-01-03T21:48:30.288+09:00  INFO 32412 --- [restartedMain] c.t.b.t.TallybotBackApplication          : The following 1 profile is active: "rds"
2026-01-03T21:48:30.337+09:00  INFO 32412 --- [restartedMain] .e.DevToolsPropertyDefaultsPostProcessor : Devtools property defaults active! Set 'spring.devtools.add-properties' to 'false' to disable
2026-01-03T21:48:30.337+09:00  INFO 32412 --- [restartedMain] .e.DevToolsPropertyDefaultsPostProcessor : For additional web related logging consider setting the 'logging.level.web' property to 'DEBUG'
2026-01-03T21:48:31.572+09:00  INFO 32412 --- [restartedMain] .s.d.r.c.RepositoryConfigurationDelegate : Bootstrapping Spring Data JPA repositories in DEFAULT mode.
2026-01-03T21:48:31.670+09:00  INFO 32412 --- [restartedMain] .s.d.r.c.RepositoryConfigurationDelegate : Finished Spring Data repository scanning in 88 ms. Found 7 JPA repository interfaces.
2026-01-03T21:48:32.677+09:00  INFO 32412 --- [restartedMain] o.s.b.w.embedded.tomcat.TomcatWebServer  : Tomcat initialized with port 8080 (http)
2026-01-03T21:48:32.692+09:00  INFO 32412 --- [restartedMain] o.apache.catalina.core.StandardService   : Starting service [Tomcat]
2026-01-03T21:48:32.692+09:00  INFO 32412 --- [restartedMain] o.apache.catalina.core.StandardEngine    : Starting Servlet engine: [Apache Tomcat/10.1.40]
2026-01-03T21:48:32.753+09:00  INFO 32412 --- [restartedMain] o.a.c.c.C.[Tomcat].[localhost].[/]       : Initializing Spring embedded WebApplicationContext
2026-01-03T21:48:32.756+09:00  INFO 32412 --- [restartedMain] w.s.c.ServletWebServerApplicationContext : Root WebApplicationContext: initialization completed in 2419 ms
2026-01-03T21:48:32.996+09:00  INFO 32412 --- [restartedMain] c.t.b.t.config.SecretsManagerConfig      : ? AWS Secrets Manager에서 DB 정보를 가져오는 중... (Secret: tallybot-test-db)
2026-01-03T21:48:35.558+09:00 ERROR 32412 --- [restartedMain] c.t.b.t.config.SecretsManagerConfig      : ? AWS Secrets Manager에서 DB 정보 가져오기 실패: Unable to load credentials from any of the providers in the chain AwsCredentialsProviderChain(credentialsProviders=[SystemPropertyCredentialsProvider(), EnvironmentVariableCredentialsProvider(), WebIdentityTokenCredentialsProvider(), ProfileCredentialsProvider(profileName=default, profileFile=ProfileFile(profilesAndSectionsMap=[])), ContainerCredentialsProvider(), InstanceProfileCredentialsProvider()]) : [SystemPropertyCredentialsProvider(): Unable to load credentials from system settings. Access key must be specified either via environment variable (AWS_ACCESS_KEY_ID) or system property (aws.accessKeyId)., EnvironmentVariableCredentialsProvider(): Unable to load credentials from system settings. Access key must be specified either via environment variable (AWS_ACCESS_KEY_ID) or system property (aws.accessKeyId)., WebIdentityTokenCredentialsProvider(): Either the environment variable AWS_WEB_IDENTITY_TOKEN_FILE or the javaproperty aws.webIdentityTokenFile must be set., ProfileCredentialsProvider(profileName=default, profileFile=ProfileFile(profilesAndSectionsMap=[])): Profile file contained no credentials for profile 'default': ProfileFile(profilesAndSectionsMap=[]), ContainerCredentialsProvider(): Cannot fetch credentials from container - neither AWS_CONTAINER_CREDENTIALS_FULL_URI or AWS_CONTAINER_CREDENTIALS_RELATIVE_URI environment variables are set., InstanceProfileCredentialsProvider(): Failed to load credentials from IMDS.]
2026-01-03T21:48:35.565+09:00  WARN 32412 --- [restartedMain] ConfigServletWebServerApplicationContext : Exception encountered during context initialization - cancelling refresh attempt: org.springframework.beans.factory.BeanCreationException: Error creating bean with name 'entityManagerFactory' defined in class path resource [org/springframework/boot/autoconfigure/orm/jpa/HibernateJpaConfiguration.class]: Failed to initialize dependency 'dataSourceScriptDatabaseInitializer' of LoadTimeWeaverAware bean 'entityManagerFactory': Error creating bean with name 'dataSourceScriptDatabaseInitializer' defined in class path resource [org/springframework/boot/autoconfigure/sql/init/DataSourceInitializationConfiguration.class]: Unsatisfied dependency expressed through method 'dataSourceScriptDatabaseInitializer' parameter 0: Error creating bean with name 'dataSource' defined in class path resource [com/tallybot/backend/tallybot_back/config/SecretsManagerConfig.class]: Failed to instantiate [javax.sql.DataSource]: Factory method 'dataSource' threw exception with message: Failed to configure DataSource from AWS Secrets Manager
2026-01-03T21:48:35.573+09:00  INFO 32412 --- [restartedMain] o.apache.catalina.core.StandardService   : Stopping service [Tomcat]
2026-01-03T21:48:35.632+09:00  INFO 32412 --- [restartedMain] .s.b.a.l.ConditionEvaluationReportLogger : 

Error starting ApplicationContext. To display the condition evaluation report re-run your application with 'debug' enabled.
2026-01-03T21:48:35.683+09:00 ERROR 32412 --- [restartedMain] o.s.boot.SpringApplication               : Application run failed

org.springframework.beans.factory.BeanCreationException: Error creating bean with name 'entityManagerFactory' defined in class path resource [org/springframework/boot/autoconfigure/orm/jpa/HibernateJpaConfiguration.class]: Failed to initialize dependency 'dataSourceScriptDatabaseInitializer' of LoadTimeWeaverAware bean 'entityManagerFactory': Error creating bean with name 'dataSourceScriptDatabaseInitializer' defined in class path resource [org/springframework/boot/autoconfigure/sql/init/DataSourceInitializationConfiguration.class]: Unsatisfied dependency expressed through method 'dataSourceScriptDatabaseInitializer' parameter 0: Error creating bean with name 'dataSource' defined in class path resource [com/tallybot/backend/tallybot_back/config/SecretsManagerConfig.class]: Failed to instantiate [javax.sql.DataSource]: Factory method 'dataSource' threw exception with message: Failed to configure DataSource from AWS Secrets Manager
	at org.springframework.beans.factory.support.AbstractBeanFactory.doGetBean(AbstractBeanFactory.java:328) ~[spring-beans-6.2.6.jar:6.2.6]
	at org.springframework.beans.factory.support.AbstractBeanFactory.getBean(AbstractBeanFactory.java:207) ~[spring-beans-6.2.6.jar:6.2.6]
	at org.springframework.context.support.AbstractApplicationContext.finishBeanFactoryInitialization(AbstractApplicationContext.java:970) ~[spring-context-6.2.6.jar:6.2.6]
	at org.springframework.context.support.AbstractApplicationContext.refresh(AbstractApplicationContext.java:627) ~[spring-context-6.2.6.jar:6.2.6]
	at org.springframework.boot.web.servlet.context.ServletWebServerApplicationContext.refresh(ServletWebServerApplicationContext.java:146) ~[spring-boot-3.4.5.jar:3.4.5]
	at org.springframework.boot.SpringApplication.refresh(SpringApplication.java:753) ~[spring-boot-3.4.5.jar:3.4.5]
	at org.springframework.boot.SpringApplication.refreshContext(SpringApplication.java:439) ~[spring-boot-3.4.5.jar:3.4.5]
	at org.springframework.boot.SpringApplication.run(SpringApplication.java:318) ~[spring-boot-3.4.5.jar:3.4.5]
	at org.springframework.boot.SpringApplication.run(SpringApplication.java:1362) ~[spring-boot-3.4.5.jar:3.4.5]
	at org.springframework.boot.SpringApplication.run(SpringApplication.java:1351) ~[spring-boot-3.4.5.jar:3.4.5]
	at com.tallybot.backend.tallybot_back.TallybotBackApplication.main(TallybotBackApplication.java:10) ~[main/:na]
	at java.base/jdk.internal.reflect.NativeMethodAccessorImpl.invoke0(Native Method) ~[na:na]
	at java.base/jdk.internal.reflect.NativeMethodAccessorImpl.invoke(NativeMethodAccessorImpl.java:77) ~[na:na]
	at java.base/jdk.internal.reflect.DelegatingMethodAccessorImpl.invoke(DelegatingMethodAccessorImpl.java:43) ~[na:na]
	at java.base/java.lang.reflect.Method.invoke(Method.java:569) ~[na:na]
	at org.springframework.boot.devtools.restart.RestartLauncher.run(RestartLauncher.java:50) ~[spring-boot-devtools-3.4.5.jar:3.4.5]
Caused by: org.springframework.beans.factory.UnsatisfiedDependencyException: Error creating bean with name 'dataSourceScriptDatabaseInitializer' defined in class path resource [org/springframework/boot/autoconfigure/sql/init/DataSourceInitializationConfiguration.class]: Unsatisfied dependency expressed through method 'dataSourceScriptDatabaseInitializer' parameter 0: Error creating bean with name 'dataSource' defined in class path resource [com/tallybot/backend/tallybot_back/config/SecretsManagerConfig.class]: Failed to instantiate [javax.sql.DataSource]: Factory method 'dataSource' threw exception with message: Failed to configure DataSource from AWS Secrets Manager
	at org.springframework.beans.factory.support.ConstructorResolver.createArgumentArray(ConstructorResolver.java:804) ~[spring-beans-6.2.6.jar:6.2.6]
	at org.springframework.beans.factory.support.ConstructorResolver.instantiateUsingFactoryMethod(ConstructorResolver.java:546) ~[spring-beans-6.2.6.jar:6.2.6]
	at org.springframework.beans.factory.support.AbstractAutowireCapableBeanFactory.instantiateUsingFactoryMethod(AbstractAutowireCapableBeanFactory.java:1367) ~[spring-beans-6.2.6.jar:6.2.6]
	at org.springframework.beans.factory.support.AbstractAutowireCapableBeanFactory.createBeanInstance(AbstractAutowireCapableBeanFactory.java:1197) ~[spring-beans-6.2.6.jar:6.2.6]
	at org.springframework.beans.factory.support.AbstractAutowireCapableBeanFactory.doCreateBean(AbstractAutowireCapableBeanFactory.java:569) ~[spring-beans-6.2.6.jar:6.2.6]
	at org.springframework.beans.factory.support.AbstractAutowireCapableBeanFactory.createBean(AbstractAutowireCapableBeanFactory.java:529) ~[spring-beans-6.2.6.jar:6.2.6]
	at org.springframework.beans.factory.support.AbstractBeanFactory.lambda$doGetBean$0(AbstractBeanFactory.java:339) ~[spring-beans-6.2.6.jar:6.2.6]
	at org.springframework.beans.factory.support.DefaultSingletonBeanRegistry.getSingleton(DefaultSingletonBeanRegistry.java:371) ~[spring-beans-6.2.6.jar:6.2.6]
	at org.springframework.beans.factory.support.AbstractBeanFactory.doGetBean(AbstractBeanFactory.java:337) ~[spring-beans-6.2.6.jar:6.2.6]
	at org.springframework.beans.factory.support.AbstractBeanFactory.getBean(AbstractBeanFactory.java:202) ~[spring-beans-6.2.6.jar:6.2.6]
	at org.springframework.beans.factory.support.AbstractBeanFactory.doGetBean(AbstractBeanFactory.java:315) ~[spring-beans-6.2.6.jar:6.2.6]
	... 15 common frames omitted
Caused by: org.springframework.beans.factory.BeanCreationException: Error creating bean with name 'dataSource' defined in class path resource [com/tallybot/backend/tallybot_back/config/SecretsManagerConfig.class]: Failed to instantiate [javax.sql.DataSource]: Factory method 'dataSource' threw exception with message: Failed to configure DataSource from AWS Secrets Manager
	at org.springframework.beans.factory.support.ConstructorResolver.instantiate(ConstructorResolver.java:657) ~[spring-beans-6.2.6.jar:6.2.6]
	at org.springframework.beans.factory.support.ConstructorResolver.instantiateUsingFactoryMethod(ConstructorResolver.java:489) ~[spring-beans-6.2.6.jar:6.2.6]
	at org.springframework.beans.factory.support.AbstractAutowireCapableBeanFactory.instantiateUsingFactoryMethod(AbstractAutowireCapableBeanFactory.java:1367) ~[spring-beans-6.2.6.jar:6.2.6]
	at org.springframework.beans.factory.support.AbstractAutowireCapableBeanFactory.createBeanInstance(AbstractAutowireCapableBeanFactory.java:1197) ~[spring-beans-6.2.6.jar:6.2.6]
	at org.springframework.beans.factory.support.AbstractAutowireCapableBeanFactory.doCreateBean(AbstractAutowireCapableBeanFactory.java:569) ~[spring-beans-6.2.6.jar:6.2.6]
	at org.springframework.beans.factory.support.AbstractAutowireCapableBeanFactory.createBean(AbstractAutowireCapableBeanFactory.java:529) ~[spring-beans-6.2.6.jar:6.2.6]
	at org.springframework.beans.factory.support.AbstractBeanFactory.lambda$doGetBean$0(AbstractBeanFactory.java:339) ~[spring-beans-6.2.6.jar:6.2.6]
	at org.springframework.beans.factory.support.DefaultSingletonBeanRegistry.getSingleton(DefaultSingletonBeanRegistry.java:371) ~[spring-beans-6.2.6.jar:6.2.6]
	at org.springframework.beans.factory.support.AbstractBeanFactory.doGetBean(AbstractBeanFactory.java:337) ~[spring-beans-6.2.6.jar:6.2.6]
	at org.springframework.beans.factory.support.AbstractBeanFactory.getBean(AbstractBeanFactory.java:202) ~[spring-beans-6.2.6.jar:6.2.6]
	at org.springframework.beans.factory.support.DefaultListableBeanFactory.doResolveDependency(DefaultListableBeanFactory.java:1681) ~[spring-beans-6.2.6.jar:6.2.6]
	at org.springframework.beans.factory.support.DefaultListableBeanFactory.resolveDependency(DefaultListableBeanFactory.java:1627) ~[spring-beans-6.2.6.jar:6.2.6]
	at org.springframework.beans.factory.support.ConstructorResolver.resolveAutowiredArgument(ConstructorResolver.java:913) ~[spring-beans-6.2.6.jar:6.2.6]
	at org.springframework.beans.factory.support.ConstructorResolver.createArgumentArray(ConstructorResolver.java:791) ~[spring-beans-6.2.6.jar:6.2.6]
	... 25 common frames omitted
Caused by: org.springframework.beans.BeanInstantiationException: Failed to instantiate [javax.sql.DataSource]: Factory method 'dataSource' threw exception with message: Failed to configure DataSource from AWS Secrets Manager
	at org.springframework.beans.factory.support.SimpleInstantiationStrategy.lambda$instantiate$0(SimpleInstantiationStrategy.java:199) ~[spring-beans-6.2.6.jar:6.2.6]
	at org.springframework.beans.factory.support.SimpleInstantiationStrategy.instantiateWithFactoryMethod(SimpleInstantiationStrategy.java:88) ~[spring-beans-6.2.6.jar:6.2.6]
	at org.springframework.beans.factory.support.SimpleInstantiationStrategy.instantiate(SimpleInstantiationStrategy.java:168) ~[spring-beans-6.2.6.jar:6.2.6]
	at org.springframework.beans.factory.support.ConstructorResolver.instantiate(ConstructorResolver.java:653) ~[spring-beans-6.2.6.jar:6.2.6]
	... 38 common frames omitted
Caused by: java.lang.RuntimeException: Failed to configure DataSource from AWS Secrets Manager
	at com.tallybot.backend.tallybot_back.config.SecretsManagerConfig.dataSource(SecretsManagerConfig.java:80) ~[main/:na]
	at com.tallybot.backend.tallybot_back.config.SecretsManagerConfig$$SpringCGLIB$$0.CGLIB$dataSource$0(<generated>) ~[main/:na]
	at com.tallybot.backend.tallybot_back.config.SecretsManagerConfig$$SpringCGLIB$$FastClass$$1.invoke(<generated>) ~[main/:na]
	at org.springframework.cglib.proxy.MethodProxy.invokeSuper(MethodProxy.java:258) ~[spring-core-6.2.6.jar:6.2.6]
	at org.springframework.context.annotation.ConfigurationClassEnhancer$BeanMethodInterceptor.intercept(ConfigurationClassEnhancer.java:393) ~[spring-context-6.2.6.jar:6.2.6]
	at com.tallybot.backend.tallybot_back.config.SecretsManagerConfig$$SpringCGLIB$$0.dataSource(<generated>) ~[main/:na]
	at java.base/jdk.internal.reflect.NativeMethodAccessorImpl.invoke0(Native Method) ~[na:na]
	at java.base/jdk.internal.reflect.NativeMethodAccessorImpl.invoke(NativeMethodAccessorImpl.java:77) ~[na:na]
	at java.base/jdk.internal.reflect.DelegatingMethodAccessorImpl.invoke(DelegatingMethodAccessorImpl.java:43) ~[na:na]
	at java.base/java.lang.reflect.Method.invoke(Method.java:569) ~[na:na]
	at org.springframework.beans.factory.support.SimpleInstantiationStrategy.lambda$instantiate$0(SimpleInstantiationStrategy.java:171) ~[spring-beans-6.2.6.jar:6.2.6]
	... 41 common frames omitted
Caused by: software.amazon.awssdk.core.exception.SdkClientException: Unable to load credentials from any of the providers in the chain AwsCredentialsProviderChain(credentialsProviders=[SystemPropertyCredentialsProvider(), EnvironmentVariableCredentialsProvider(), WebIdentityTokenCredentialsProvider(), ProfileCredentialsProvider(profileName=default, profileFile=ProfileFile(profilesAndSectionsMap=[])), ContainerCredentialsProvider(), InstanceProfileCredentialsProvider()]) : [SystemPropertyCredentialsProvider(): Unable to load credentials from system settings. Access key must be specified either via environment variable (AWS_ACCESS_KEY_ID) or system property (aws.accessKeyId)., EnvironmentVariableCredentialsProvider(): Unable to load credentials from system settings. Access key must be specified either via environment variable (AWS_ACCESS_KEY_ID) or system property (aws.accessKeyId)., WebIdentityTokenCredentialsProvider(): Either the environment variable AWS_WEB_IDENTITY_TOKEN_FILE or the javaproperty aws.webIdentityTokenFile must be set., ProfileCredentialsProvider(profileName=default, profileFile=ProfileFile(profilesAndSectionsMap=[])): Profile file contained no credentials for profile 'default': ProfileFile(profilesAndSectionsMap=[]), ContainerCredentialsProvider(): Cannot fetch credentials from container - neither AWS_CONTAINER_CREDENTIALS_FULL_URI or AWS_CONTAINER_CREDENTIALS_RELATIVE_URI environment variables are set., InstanceProfileCredentialsProvider(): Failed to load credentials from IMDS.]
	at software.amazon.awssdk.core.exception.SdkClientException$BuilderImpl.build(SdkClientException.java:111) ~[sdk-core-2.20.26.jar:na]
	at software.amazon.awssdk.auth.credentials.AwsCredentialsProviderChain.resolveCredentials(AwsCredentialsProviderChain.java:117) ~[auth-2.20.26.jar:na]
	at software.amazon.awssdk.auth.credentials.internal.LazyAwsCredentialsProvider.resolveCredentials(LazyAwsCredentialsProvider.java:45) ~[auth-2.20.26.jar:na]
	at software.amazon.awssdk.auth.credentials.DefaultCredentialsProvider.resolveCredentials(DefaultCredentialsProvider.java:126) ~[auth-2.20.26.jar:na]
	at software.amazon.awssdk.core.internal.util.MetricUtils.measureDuration(MetricUtils.java:50) ~[sdk-core-2.20.26.jar:na]
	at software.amazon.awssdk.awscore.internal.authcontext.AwsCredentialsAuthorizationStrategy.resolveCredentials(AwsCredentialsAuthorizationStrategy.java:100) ~[aws-core-2.20.26.jar:na]
	at software.amazon.awssdk.awscore.internal.authcontext.AwsCredentialsAuthorizationStrategy.addCredentialsToExecutionAttributes(AwsCredentialsAuthorizationStrategy.java:77) ~[aws-core-2.20.26.jar:na]
	at software.amazon.awssdk.awscore.internal.AwsExecutionContextBuilder.invokeInterceptorsAndCreateExecutionContext(AwsExecutionContextBuilder.java:123) ~[aws-core-2.20.26.jar:na]
	at software.amazon.awssdk.awscore.client.handler.AwsSyncClientHandler.invokeInterceptorsAndCreateExecutionContext(AwsSyncClientHandler.java:69) ~[aws-core-2.20.26.jar:na]
	at software.amazon.awssdk.core.internal.handler.BaseSyncClientHandler.lambda$execute$1(BaseSyncClientHandler.java:78) ~[sdk-core-2.20.26.jar:na]
	at software.amazon.awssdk.core.internal.handler.BaseSyncClientHandler.measureApiCallSuccess(BaseSyncClientHandler.java:179) ~[sdk-core-2.20.26.jar:na]
	at software.amazon.awssdk.core.internal.handler.BaseSyncClientHandler.execute(BaseSyncClientHandler.java:76) ~[sdk-core-2.20.26.jar:na]
	at software.amazon.awssdk.core.client.handler.SdkSyncClientHandler.execute(SdkSyncClientHandler.java:45) ~[sdk-core-2.20.26.jar:na]
	at software.amazon.awssdk.awscore.client.handler.AwsSyncClientHandler.execute(AwsSyncClientHandler.java:56) ~[aws-core-2.20.26.jar:na]
	at software.amazon.awssdk.services.secretsmanager.DefaultSecretsManagerClient.getSecretValue(DefaultSecretsManagerClient.java:978) ~[secretsmanager-2.20.26.jar:na]
	at com.tallybot.backend.tallybot_back.config.SecretsManagerConfig.dataSource(SecretsManagerConfig.java:44) ~[main/:na]
	... 51 common frames omitted

2026-01-03T21:51:47.458+09:00  INFO 5268 --- [restartedMain] c.t.b.t.TallybotBackApplication          : Starting TallybotBackApplication using Java 17.0.17 with PID 5268 (C:\Users\jhy69\OneDrive\문서\GitHub\TallyBot\api-backend\tallybot_back\build\classes\java\main started by jhy69 in C:\Users\jhy69\OneDrive\문서\GitHub\TallyBot\api-backend\tallybot_back)
2026-01-03T21:51:47.462+09:00 DEBUG 5268 --- [restartedMain] c.t.b.t.TallybotBackApplication          : Running with Spring Boot v3.4.5, Spring v6.2.6
2026-01-03T21:51:47.464+09:00  INFO 5268 --- [restartedMain] c.t.b.t.TallybotBackApplication          : The following 1 profile is active: "rds"
2026-01-03T21:51:47.565+09:00  INFO 5268 --- [restartedMain] .e.DevToolsPropertyDefaultsPostProcessor : Devtools property defaults active! Set 'spring.devtools.add-properties' to 'false' to disable
2026-01-03T21:51:47.568+09:00  INFO 5268 --- [restartedMain] .e.DevToolsPropertyDefaultsPostProcessor : For additional web related logging consider setting the 'logging.level.web' property to 'DEBUG'
2026-01-03T21:51:49.947+09:00  INFO 5268 --- [restartedMain] .s.d.r.c.RepositoryConfigurationDelegate : Bootstrapping Spring Data JPA repositories in DEFAULT mode.
2026-01-03T21:51:50.145+09:00  INFO 5268 --- [restartedMain] .s.d.r.c.RepositoryConfigurationDelegate : Finished Spring Data repository scanning in 180 ms. Found 7 JPA repository interfaces.
2026-01-03T21:51:52.042+09:00  INFO 5268 --- [restartedMain] o.s.b.w.embedded.tomcat.TomcatWebServer  : Tomcat initialized with port 8080 (http)
2026-01-03T21:51:52.068+09:00  INFO 5268 --- [restartedMain] o.apache.catalina.core.StandardService   : Starting service [Tomcat]
2026-01-03T21:51:52.069+09:00  INFO 5268 --- [restartedMain] o.apache.catalina.core.StandardEngine    : Starting Servlet engine: [Apache Tomcat/10.1.40]
2026-01-03T21:51:52.177+09:00  INFO 5268 --- [restartedMain] o.a.c.c.C.[Tomcat].[localhost].[/]       : Initializing Spring embedded WebApplicationContext
2026-01-03T21:51:52.178+09:00  INFO 5268 --- [restartedMain] w.s.c.ServletWebServerApplicationContext : Root WebApplicationContext: initialization completed in 4608 ms
2026-01-03T21:51:52.867+09:00  INFO 5268 --- [restartedMain] o.hibernate.jpa.internal.util.LogHelper  : HHH000204: Processing PersistenceUnitInfo [name: default]
2026-01-03T21:51:52.991+09:00  INFO 5268 --- [restartedMain] org.hibernate.Version                    : HHH000412: Hibernate ORM core version 6.6.13.Final
2026-01-03T21:51:53.059+09:00  INFO 5268 --- [restartedMain] o.h.c.internal.RegionFactoryInitiator    : HHH000026: Second-level cache disabled
2026-01-03T21:51:53.717+09:00  INFO 5268 --- [restartedMain] o.s.o.j.p.SpringPersistenceUnitInfo      : No LoadTimeWeaver setup: ignoring JPA class transformer
2026-01-03T21:51:53.791+09:00  INFO 5268 --- [restartedMain] com.zaxxer.hikari.HikariDataSource       : HikariPool-1 - Starting...
2026-01-03T21:51:54.170+09:00  INFO 5268 --- [restartedMain] com.zaxxer.hikari.pool.HikariPool        : HikariPool-1 - Added connection conn0: url=jdbc:h2:mem:6f34e6dc-f9c3-4c09-975d-244516642b07 user=SA
2026-01-03T21:51:54.174+09:00  INFO 5268 --- [restartedMain] com.zaxxer.hikari.HikariDataSource       : HikariPool-1 - Start completed.
2026-01-03T21:51:54.231+09:00  WARN 5268 --- [restartedMain] org.hibernate.orm.deprecation            : HHH90000025: MySQL8Dialect does not need to be specified explicitly using 'hibernate.dialect' (remove the property setting and it will be selected by default)
2026-01-03T21:51:54.236+09:00  WARN 5268 --- [restartedMain] org.hibernate.orm.deprecation            : HHH90000026: MySQL8Dialect has been deprecated; use org.hibernate.dialect.MySQLDialect instead
2026-01-03T21:51:54.277+09:00  INFO 5268 --- [restartedMain] org.hibernate.orm.connections.pooling    : HHH10001005: Database info:
	Database JDBC URL [Connecting through datasource 'HikariDataSource (HikariPool-1)']
	Database driver: undefined/unknown
	Database version: 8.0
	Autocommit mode: undefined/unknown
	Isolation level: undefined/unknown
	Minimum pool size: undefined/unknown
	Maximum pool size: undefined/unknown
2026-01-03T21:51:56.587+09:00  INFO 5268 --- [restartedMain] o.h.e.t.j.p.i.JtaPlatformInitiator       : HHH000489: No JTA platform available (set 'hibernate.transaction.jta.platform' to enable JTA platform integration)
2026-01-03T21:51:56.687+09:00 ERROR 5268 --- [restartedMain] j.LocalContainerEntityManagerFactoryBean : Failed to initialize JPA EntityManagerFactory: [PersistenceUnit: default] Unable to build Hibernate SessionFactory; nested exception is org.hibernate.tool.schema.spi.SchemaManagementException: Schema-validation: missing table [calculate]
2026-01-03T21:51:56.689+09:00  WARN 5268 --- [restartedMain] ConfigServletWebServerApplicationContext : Exception encountered during context initialization - cancelling refresh attempt: org.springframework.beans.factory.BeanCreationException: Error creating bean with name 'entityManagerFactory' defined in class path resource [org/springframework/boot/autoconfigure/orm/jpa/HibernateJpaConfiguration.class]: [PersistenceUnit: default] Unable to build Hibernate SessionFactory; nested exception is org.hibernate.tool.schema.spi.SchemaManagementException: Schema-validation: missing table [calculate]
2026-01-03T21:51:56.699+09:00  WARN 5268 --- [restartedMain] o.s.b.f.support.DisposableBeanAdapter    : Invocation of destroy method failed on bean with name 'inMemoryDatabaseShutdownExecutor': org.h2.jdbc.JdbcSQLNonTransientConnectionException: Database is already closed (to disable automatic closing at VM shutdown, add ";DB_CLOSE_ON_EXIT=FALSE" to the db URL) [90121-232]
2026-01-03T21:51:56.701+09:00  INFO 5268 --- [restartedMain] com.zaxxer.hikari.HikariDataSource       : HikariPool-1 - Shutdown initiated...
2026-01-03T21:51:56.706+09:00  INFO 5268 --- [restartedMain] com.zaxxer.hikari.HikariDataSource       : HikariPool-1 - Shutdown completed.
2026-01-03T21:51:56.709+09:00  INFO 5268 --- [restartedMain] o.apache.catalina.core.StandardService   : Stopping service [Tomcat]
2026-01-03T21:51:56.740+09:00  INFO 5268 --- [restartedMain] .s.b.a.l.ConditionEvaluationReportLogger : 

Error starting ApplicationContext. To display the condition evaluation report re-run your application with 'debug' enabled.
2026-01-03T21:51:56.787+09:00 ERROR 5268 --- [restartedMain] o.s.boot.SpringApplication               : Application run failed

org.springframework.beans.factory.BeanCreationException: Error creating bean with name 'entityManagerFactory' defined in class path resource [org/springframework/boot/autoconfigure/orm/jpa/HibernateJpaConfiguration.class]: [PersistenceUnit: default] Unable to build Hibernate SessionFactory; nested exception is org.hibernate.tool.schema.spi.SchemaManagementException: Schema-validation: missing table [calculate]
	at org.springframework.beans.factory.support.AbstractAutowireCapableBeanFactory.initializeBean(AbstractAutowireCapableBeanFactory.java:1818) ~[spring-beans-6.2.6.jar:6.2.6]
	at org.springframework.beans.factory.support.AbstractAutowireCapableBeanFactory.doCreateBean(AbstractAutowireCapableBeanFactory.java:607) ~[spring-beans-6.2.6.jar:6.2.6]
	at org.springframework.beans.factory.support.AbstractAutowireCapableBeanFactory.createBean(AbstractAutowireCapableBeanFactory.java:529) ~[spring-beans-6.2.6.jar:6.2.6]
	at org.springframework.beans.factory.support.AbstractBeanFactory.lambda$doGetBean$0(AbstractBeanFactory.java:339) ~[spring-beans-6.2.6.jar:6.2.6]
	at org.springframework.beans.factory.support.DefaultSingletonBeanRegistry.getSingleton(DefaultSingletonBeanRegistry.java:371) ~[spring-beans-6.2.6.jar:6.2.6]
	at org.springframework.beans.factory.support.AbstractBeanFactory.doGetBean(AbstractBeanFactory.java:337) ~[spring-beans-6.2.6.jar:6.2.6]
	at org.springframework.beans.factory.support.AbstractBeanFactory.getBean(AbstractBeanFactory.java:207) ~[spring-beans-6.2.6.jar:6.2.6]
	at org.springframework.context.support.AbstractApplicationContext.finishBeanFactoryInitialization(AbstractApplicationContext.java:970) ~[spring-context-6.2.6.jar:6.2.6]
	at org.springframework.context.support.AbstractApplicationContext.refresh(AbstractApplicationContext.java:627) ~[spring-context-6.2.6.jar:6.2.6]
	at org.springframework.boot.web.servlet.context.ServletWebServerApplicationContext.refresh(ServletWebServerApplicationContext.java:146) ~[spring-boot-3.4.5.jar:3.4.5]
	at org.springframework.boot.SpringApplication.refresh(SpringApplication.java:753) ~[spring-boot-3.4.5.jar:3.4.5]
	at org.springframework.boot.SpringApplication.refreshContext(SpringApplication.java:439) ~[spring-boot-3.4.5.jar:3.4.5]
	at org.springframework.boot.SpringApplication.run(SpringApplication.java:318) ~[spring-boot-3.4.5.jar:3.4.5]
	at org.springframework.boot.SpringApplication.run(SpringApplication.java:1362) ~[spring-boot-3.4.5.jar:3.4.5]
	at org.springframework.boot.SpringApplication.run(SpringApplication.java:1351) ~[spring-boot-3.4.5.jar:3.4.5]
	at com.tallybot.backend.tallybot_back.TallybotBackApplication.main(TallybotBackApplication.java:10) ~[main/:na]
	at java.base/jdk.internal.reflect.NativeMethodAccessorImpl.invoke0(Native Method) ~[na:na]
	at java.base/jdk.internal.reflect.NativeMethodAccessorImpl.invoke(NativeMethodAccessorImpl.java:77) ~[na:na]
	at java.base/jdk.internal.reflect.DelegatingMethodAccessorImpl.invoke(DelegatingMethodAccessorImpl.java:43) ~[na:na]
	at java.base/java.lang.reflect.Method.invoke(Method.java:569) ~[na:na]
	at org.springframework.boot.devtools.restart.RestartLauncher.run(RestartLauncher.java:50) ~[spring-boot-devtools-3.4.5.jar:3.4.5]
Caused by: jakarta.persistence.PersistenceException: [PersistenceUnit: default] Unable to build Hibernate SessionFactory; nested exception is org.hibernate.tool.schema.spi.SchemaManagementException: Schema-validation: missing table [calculate]
	at org.springframework.orm.jpa.AbstractEntityManagerFactoryBean.buildNativeEntityManagerFactory(AbstractEntityManagerFactoryBean.java:431) ~[spring-orm-6.2.6.jar:6.2.6]
	at org.springframework.orm.jpa.AbstractEntityManagerFactoryBean.afterPropertiesSet(AbstractEntityManagerFactoryBean.java:400) ~[spring-orm-6.2.6.jar:6.2.6]
	at org.springframework.orm.jpa.LocalContainerEntityManagerFactoryBean.afterPropertiesSet(LocalContainerEntityManagerFactoryBean.java:366) ~[spring-orm-6.2.6.jar:6.2.6]
	at org.springframework.beans.factory.support.AbstractAutowireCapableBeanFactory.invokeInitMethods(AbstractAutowireCapableBeanFactory.java:1865) ~[spring-beans-6.2.6.jar:6.2.6]
	at org.springframework.beans.factory.support.AbstractAutowireCapableBeanFactory.initializeBean(AbstractAutowireCapableBeanFactory.java:1814) ~[spring-beans-6.2.6.jar:6.2.6]
	... 20 common frames omitted
Caused by: org.hibernate.tool.schema.spi.SchemaManagementException: Schema-validation: missing table [calculate]
	at org.hibernate.tool.schema.internal.AbstractSchemaValidator.validateTable(AbstractSchemaValidator.java:136) ~[hibernate-core-6.6.13.Final.jar:6.6.13.Final]
	at org.hibernate.tool.schema.internal.GroupedSchemaValidatorImpl.validateTables(GroupedSchemaValidatorImpl.java:46) ~[hibernate-core-6.6.13.Final.jar:6.6.13.Final]
	at org.hibernate.tool.schema.internal.AbstractSchemaValidator.performValidation(AbstractSchemaValidator.java:99) ~[hibernate-core-6.6.13.Final.jar:6.6.13.Final]
	at org.hibernate.tool.schema.internal.AbstractSchemaValidator.doValidation(AbstractSchemaValidator.java:77) ~[hibernate-core-6.6.13.Final.jar:6.6.13.Final]
	at org.hibernate.tool.schema.spi.SchemaManagementToolCoordinator.performDatabaseAction(SchemaManagementToolCoordinator.java:289) ~[hibernate-core-6.6.13.Final.jar:6.6.13.Final]
	at org.hibernate.tool.schema.spi.SchemaManagementToolCoordinator.lambda$process$5(SchemaManagementToolCoordinator.java:144) ~[hibernate-core-6.6.13.Final.jar:6.6.13.Final]
	at java.base/java.util.HashMap.forEach(HashMap.java:1421) ~[na:na]
	at org.hibernate.tool.schema.spi.SchemaManagementToolCoordinator.process(SchemaManagementToolCoordinator.java:141) ~[hibernate-core-6.6.13.Final.jar:6.6.13.Final]
	at org.hibernate.boot.internal.SessionFactoryObserverForSchemaExport.sessionFactoryCreated(SessionFactoryObserverForSchemaExport.java:37) ~[hibernate-core-6.6.13.Final.jar:6.6.13.Final]
	at org.hibernate.internal.SessionFactoryObserverChain.sessionFactoryCreated(SessionFactoryObserverChain.java:35) ~[hibernate-core-6.6.13.Final.jar:6.6.13.Final]
	at org.hibernate.internal.SessionFactoryImpl.<init>(SessionFactoryImpl.java:324) ~[hibernate-core-6.6.13.Final.jar:6.6.13.Final]
	at org.hibernate.boot.internal.SessionFactoryBuilderImpl.build(SessionFactoryBuilderImpl.java:463) ~[hibernate-core-6.6.13.Final.jar:6.6.13.Final]
	at org.hibernate.jpa.boot.internal.EntityManagerFactoryBuilderImpl.build(EntityManagerFactoryBuilderImpl.java:1517) ~[hibernate-core-6.6.13.Final.jar:6.6.13.Final]
	at org.springframework.orm.jpa.vendor.SpringHibernateJpaPersistenceProvider.createContainerEntityManagerFactory(SpringHibernateJpaPersistenceProvider.java:66) ~[spring-orm-6.2.6.jar:6.2.6]
	at org.springframework.orm.jpa.LocalContainerEntityManagerFactoryBean.createNativeEntityManagerFactory(LocalContainerEntityManagerFactoryBean.java:390) ~[spring-orm-6.2.6.jar:6.2.6]
	at org.springframework.orm.jpa.AbstractEntityManagerFactoryBean.buildNativeEntityManagerFactory(AbstractEntityManagerFactoryBean.java:419) ~[spring-orm-6.2.6.jar:6.2.6]
	... 24 common frames omitted

2026-01-03T21:54:59.219+09:00  INFO 36720 --- [restartedMain] c.t.b.t.TallybotBackApplication          : Starting TallybotBackApplication using Java 17.0.17 with PID 36720 (C:\Users\jhy69\OneDrive\문서\GitHub\TallyBot\api-backend\tallybot_back\build\classes\java\main started by jhy69 in C:\Users\jhy69\OneDrive\문서\GitHub\TallyBot\api-backend\tallybot_back)
2026-01-03T21:54:59.225+09:00 DEBUG 36720 --- [restartedMain] c.t.b.t.TallybotBackApplication          : Running with Spring Boot v3.4.5, Spring v6.2.6
2026-01-03T21:54:59.226+09:00  INFO 36720 --- [restartedMain] c.t.b.t.TallybotBackApplication          : The following 1 profile is active: "dev"
2026-01-03T21:54:59.350+09:00  INFO 36720 --- [restartedMain] .e.DevToolsPropertyDefaultsPostProcessor : Devtools property defaults active! Set 'spring.devtools.add-properties' to 'false' to disable
2026-01-03T21:54:59.350+09:00  INFO 36720 --- [restartedMain] .e.DevToolsPropertyDefaultsPostProcessor : For additional web related logging consider setting the 'logging.level.web' property to 'DEBUG'
2026-01-03T21:55:01.758+09:00  INFO 36720 --- [restartedMain] .s.d.r.c.RepositoryConfigurationDelegate : Bootstrapping Spring Data JPA repositories in DEFAULT mode.
2026-01-03T21:55:01.982+09:00  INFO 36720 --- [restartedMain] .s.d.r.c.RepositoryConfigurationDelegate : Finished Spring Data repository scanning in 201 ms. Found 7 JPA repository interfaces.
2026-01-03T21:55:03.886+09:00  INFO 36720 --- [restartedMain] o.s.b.w.embedded.tomcat.TomcatWebServer  : Tomcat initialized with port 8080 (http)
2026-01-03T21:55:03.918+09:00  INFO 36720 --- [restartedMain] o.apache.catalina.core.StandardService   : Starting service [Tomcat]
2026-01-03T21:55:03.919+09:00  INFO 36720 --- [restartedMain] o.apache.catalina.core.StandardEngine    : Starting Servlet engine: [Apache Tomcat/10.1.40]
2026-01-03T21:55:04.045+09:00  INFO 36720 --- [restartedMain] o.a.c.c.C.[Tomcat].[localhost].[/]       : Initializing Spring embedded WebApplicationContext
2026-01-03T21:55:04.047+09:00  INFO 36720 --- [restartedMain] w.s.c.ServletWebServerApplicationContext : Root WebApplicationContext: initialization completed in 4695 ms
2026-01-03T21:55:04.747+09:00  INFO 36720 --- [restartedMain] o.hibernate.jpa.internal.util.LogHelper  : HHH000204: Processing PersistenceUnitInfo [name: default]
2026-01-03T21:55:04.866+09:00  INFO 36720 --- [restartedMain] org.hibernate.Version                    : HHH000412: Hibernate ORM core version 6.6.13.Final
2026-01-03T21:55:04.947+09:00  INFO 36720 --- [restartedMain] o.h.c.internal.RegionFactoryInitiator    : HHH000026: Second-level cache disabled
2026-01-03T21:55:05.575+09:00  INFO 36720 --- [restartedMain] o.s.o.j.p.SpringPersistenceUnitInfo      : No LoadTimeWeaver setup: ignoring JPA class transformer
2026-01-03T21:55:05.644+09:00  INFO 36720 --- [restartedMain] com.zaxxer.hikari.HikariDataSource       : HikariPool-1 - Starting...
2026-01-03T21:55:06.057+09:00  INFO 36720 --- [restartedMain] com.zaxxer.hikari.pool.HikariPool        : HikariPool-1 - Added connection conn0: url=jdbc:h2:mem:testdb user=SA
2026-01-03T21:55:06.064+09:00  INFO 36720 --- [restartedMain] com.zaxxer.hikari.HikariDataSource       : HikariPool-1 - Start completed.
2026-01-03T21:55:06.115+09:00  WARN 36720 --- [restartedMain] org.hibernate.orm.deprecation            : HHH90000025: H2Dialect does not need to be specified explicitly using 'hibernate.dialect' (remove the property setting and it will be selected by default)
2026-01-03T21:55:06.163+09:00  INFO 36720 --- [restartedMain] org.hibernate.orm.connections.pooling    : HHH10001005: Database info:
	Database JDBC URL [Connecting through datasource 'HikariDataSource (HikariPool-1)']
	Database driver: undefined/unknown
	Database version: 2.3.232
	Autocommit mode: undefined/unknown
	Isolation level: undefined/unknown
	Minimum pool size: undefined/unknown
	Maximum pool size: undefined/unknown
2026-01-03T21:55:08.917+09:00  INFO 36720 --- [restartedMain] o.h.e.t.j.p.i.JtaPlatformInitiator       : HHH000489: No JTA platform available (set 'hibernate.transaction.jta.platform' to enable JTA platform integration)
2026-01-03T21:55:08.950+09:00 DEBUG 36720 --- [restartedMain] org.hibernate.SQL                        : 
    drop table if exists calculate cascade 
2026-01-03T21:55:08.957+09:00 DEBUG 36720 --- [restartedMain] org.hibernate.SQL                        : 
    drop table if exists calculate_detail cascade 
2026-01-03T21:55:08.957+09:00 DEBUG 36720 --- [restartedMain] org.hibernate.SQL                        : 
    drop table if exists chat cascade 
2026-01-03T21:55:08.960+09:00 DEBUG 36720 --- [restartedMain] org.hibernate.SQL                        : 
    drop table if exists member cascade 
2026-01-03T21:55:08.963+09:00 DEBUG 36720 --- [restartedMain] org.hibernate.SQL                        : 
    drop table if exists participant cascade 
2026-01-03T21:55:08.965+09:00 DEBUG 36720 --- [restartedMain] org.hibernate.SQL                        : 
    drop table if exists settlement cascade 
2026-01-03T21:55:08.966+09:00 DEBUG 36720 --- [restartedMain] org.hibernate.SQL                        : 
    drop table if exists user_group cascade 
2026-01-03T21:55:08.976+09:00 DEBUG 36720 --- [restartedMain] org.hibernate.SQL                        : 
    create table calculate (
        calculate_id bigint generated by default as identity,
        end_time timestamp(6) not null,
        group_id bigint not null,
        start_time timestamp(6) not null,
        status enum ('CALCULATING','COMPLETED','PENDING') not null,
        primary key (calculate_id)
    )
2026-01-03T21:55:08.997+09:00 DEBUG 36720 --- [restartedMain] org.hibernate.SQL                        : 
    create table calculate_detail (
        amount integer not null,
        calculate_detail_id bigint generated by default as identity,
        calculate_id bigint not null,
        payee_id bigint not null,
        payer_id bigint not null,
        primary key (calculate_detail_id)
    )
2026-01-03T21:55:09.001+09:00 DEBUG 36720 --- [restartedMain] org.hibernate.SQL                        : 
    create table chat (
        chat_id bigint generated by default as identity,
        group_id bigint not null,
        member_id bigint not null,
        timestamp timestamp(6) not null,
        message MEDIUMTEXT not null,
        primary key (chat_id)
    )
2026-01-03T21:55:09.004+09:00 DEBUG 36720 --- [restartedMain] org.hibernate.SQL                        : 
    create table member (
        group_id bigint not null,
        member_id bigint generated by default as identity,
        nickname VARCHAR(20) not null,
        primary key (member_id)
    )
2026-01-03T21:55:09.007+09:00 DEBUG 36720 --- [restartedMain] org.hibernate.SQL                        : 
    create table participant (
        constant integer not null,
        denominator INT not null,
        numerator INT not null,
        member_id bigint not null,
        settlement_id bigint not null,
        primary key (member_id, settlement_id)
    )
2026-01-03T21:55:09.012+09:00 DEBUG 36720 --- [restartedMain] org.hibernate.SQL                        : 
    create table settlement (
        amount integer not null,
        calculate_id bigint not null,
        group_id bigint not null,
        payer_id bigint not null,
        settlement_id bigint generated by default as identity,
        item varchar(63) not null,
        place varchar(63) not null,
        primary key (settlement_id)
    )
2026-01-03T21:55:09.014+09:00 DEBUG 36720 --- [restartedMain] org.hibernate.SQL                        : 
    create table user_group (
        group_id bigint not null,
        group_name VARCHAR(50) not null,
        primary key (group_id)
    )
2026-01-03T21:55:09.016+09:00 DEBUG 36720 --- [restartedMain] org.hibernate.SQL                        : 
    alter table if exists calculate 
       add constraint FKfs4jrn8l3wlod5jvvshpim6ws 
       foreign key (group_id) 
       references user_group
2026-01-03T21:55:09.041+09:00 DEBUG 36720 --- [restartedMain] org.hibernate.SQL                        : 
    alter table if exists calculate_detail 
       add constraint FK885cdgusidxshkubf5w45u1w8 
       foreign key (calculate_id) 
       references calculate
2026-01-03T21:55:09.045+09:00 DEBUG 36720 --- [restartedMain] org.hibernate.SQL                        : 
    alter table if exists calculate_detail 
       add constraint FK8wd2gu3lo6yh2hu6kc1pfithe 
       foreign key (payee_id) 
       references member
2026-01-03T21:55:09.048+09:00 DEBUG 36720 --- [restartedMain] org.hibernate.SQL                        : 
    alter table if exists calculate_detail 
       add constraint FK4dg4ixn11w2ghd35u4674ee64 
       foreign key (payer_id) 
       references member
2026-01-03T21:55:09.050+09:00 DEBUG 36720 --- [restartedMain] org.hibernate.SQL                        : 
    alter table if exists chat 
       add constraint FKgvc5hrt0h18xk63qosss3ti30 
       foreign key (member_id) 
       references member
2026-01-03T21:55:09.054+09:00 DEBUG 36720 --- [restartedMain] org.hibernate.SQL                        : 
    alter table if exists chat 
       add constraint FKgjakr3e1ux37qs8u392j9dkmo 
       foreign key (group_id) 
       references user_group
2026-01-03T21:55:09.057+09:00 DEBUG 36720 --- [restartedMain] org.hibernate.SQL                        : 
    alter table if exists member 
       add constraint FKomytwiw2f3cy5b7p829b5c006 
       foreign key (group_id) 
       references user_group
2026-01-03T21:55:09.060+09:00 DEBUG 36720 --- [restartedMain] org.hibernate.SQL                        : 
    alter table if exists participant 
       add constraint FK6wairr1n12kj12eguo7hokhm1 
       foreign key (settlement_id) 
       references settlement
2026-01-03T21:55:09.065+09:00 DEBUG 36720 --- [restartedMain] org.hibernate.SQL                        : 
    alter table if exists participant 
       add constraint FKltl2dk33cemkl32l5fo3jmh85 
       foreign key (member_id) 
       references member
2026-01-03T21:55:09.068+09:00 DEBUG 36720 --- [restartedMain] org.hibernate.SQL                        : 
    alter table if exists settlement 
       add constraint FKkmxgxvfx1l6d5e775maehvcla 
       foreign key (calculate_id) 
       references calculate
2026-01-03T21:55:09.072+09:00 DEBUG 36720 --- [restartedMain] org.hibernate.SQL                        : 
    alter table if exists settlement 
       add constraint FKd4ewh0mi4sq5g90u0sioo95p8 
       foreign key (payer_id) 
       references member
2026-01-03T21:55:09.075+09:00 DEBUG 36720 --- [restartedMain] org.hibernate.SQL                        : 
    alter table if exists settlement 
       add constraint FK919jli1nfm8bqoi64w6f1cmgk 
       foreign key (group_id) 
       references user_group
2026-01-03T21:55:09.083+09:00  INFO 36720 --- [restartedMain] j.LocalContainerEntityManagerFactoryBean : Initialized JPA EntityManagerFactory for persistence unit 'default'
2026-01-03T21:55:09.951+09:00  INFO 36720 --- [restartedMain] o.s.d.j.r.query.QueryEnhancerFactory     : Hibernate is in classpath; If applicable, HQL parser will be used.
2026-01-03T21:55:13.253+09:00  INFO 36720 --- [restartedMain] o.s.b.a.h2.H2ConsoleAutoConfiguration    : H2 console available at '/h2-console'. Database available at 'jdbc:h2:mem:testdb'
2026-01-03T21:55:13.455+09:00  INFO 36720 --- [restartedMain] o.s.b.d.a.OptionalLiveReloadServer       : LiveReload server is running on port 35729
2026-01-03T21:55:13.477+09:00  INFO 36720 --- [restartedMain] o.s.b.a.e.web.EndpointLinksResolver      : Exposing 3 endpoints beneath base path '/actuator'
2026-01-03T21:55:13.649+09:00  INFO 36720 --- [restartedMain] o.s.b.w.embedded.tomcat.TomcatWebServer  : Tomcat started on port 8080 (http) with context path '/'
2026-01-03T21:55:13.675+09:00  INFO 36720 --- [restartedMain] c.t.b.t.TallybotBackApplication          : Started TallybotBackApplication in 15.612 seconds (process running for 16.906)
2026-01-03T21:55:13.933+09:00 DEBUG 36720 --- [restartedMain] org.hibernate.SQL                        : 
    select
        count(*) 
    from
        user_group ug1_0
2026-01-03T21:55:14.038+09:00 DEBUG 36720 --- [restartedMain] org.hibernate.SQL                        : 
    select
        ug1_0.group_id,
        ug1_0.group_name 
    from
        user_group ug1_0 
    where
        ug1_0.group_id=?
2026-01-03T21:55:14.107+09:00 DEBUG 36720 --- [restartedMain] org.hibernate.SQL                        : 
    insert 
    into
        user_group
        (group_name, group_id) 
    values
        (?, ?)
2026-01-03T21:55:14.124+09:00 DEBUG 36720 --- [restartedMain] org.hibernate.SQL                        : 
    select
        null,
        ug1_0.group_name 
    from
        user_group ug1_0 
    where
        ug1_0.group_id=?
2026-01-03T21:55:14.127+09:00 DEBUG 36720 --- [restartedMain] org.hibernate.SQL                        : 
    insert 
    into
        member
        (nickname, group_id, member_id) 
    values
        (?, ?, default)
2026-01-03T21:55:14.151+09:00 DEBUG 36720 --- [restartedMain] org.hibernate.SQL                        : 
    insert 
    into
        member
        (nickname, group_id, member_id) 
    values
        (?, ?, default)
2026-01-03T21:55:14.152+09:00 DEBUG 36720 --- [restartedMain] org.hibernate.SQL                        : 
    insert 
    into
        member
        (nickname, group_id, member_id) 
    values
        (?, ?, default)
2026-01-03T21:55:14.158+09:00 DEBUG 36720 --- [restartedMain] org.hibernate.SQL                        : 
    insert 
    into
        calculate
        (end_time, start_time, status, group_id, calculate_id) 
    values
        (?, ?, ?, ?, default)
2026-01-03T21:55:14.165+09:00 DEBUG 36720 --- [restartedMain] org.hibernate.SQL                        : 
    insert 
    into
        settlement
        (amount, calculate_id, item, payer_id, place, group_id, settlement_id) 
    values
        (?, ?, ?, ?, ?, ?, default)
2026-01-03T21:55:14.172+09:00 DEBUG 36720 --- [restartedMain] org.hibernate.SQL                        : 
    select
        p1_0.member_id,
        p1_0.settlement_id,
        p1_0.constant,
        p1_0.denominator,
        p1_0.numerator 
    from
        participant p1_0 
    where
        (
            p1_0.member_id, p1_0.settlement_id
        ) in ((?, ?))
2026-01-03T21:55:14.183+09:00 DEBUG 36720 --- [restartedMain] org.hibernate.SQL                        : 
    select
        p1_0.member_id,
        p1_0.settlement_id,
        p1_0.constant,
        p1_0.denominator,
        p1_0.numerator 
    from
        participant p1_0 
    where
        (
            p1_0.member_id, p1_0.settlement_id
        ) in ((?, ?))
2026-01-03T21:55:14.185+09:00 DEBUG 36720 --- [restartedMain] org.hibernate.SQL                        : 
    select
        p1_0.member_id,
        p1_0.settlement_id,
        p1_0.constant,
        p1_0.denominator,
        p1_0.numerator 
    from
        participant p1_0 
    where
        (
            p1_0.member_id, p1_0.settlement_id
        ) in ((?, ?))
2026-01-03T21:55:14.188+09:00 DEBUG 36720 --- [restartedMain] org.hibernate.SQL                        : 
    insert 
    into
        participant
        (constant, denominator, numerator, member_id, settlement_id) 
    values
        (?, ?, ?, ?, ?)
2026-01-03T21:55:14.192+09:00 DEBUG 36720 --- [restartedMain] org.hibernate.SQL                        : 
    insert 
    into
        participant
        (constant, denominator, numerator, member_id, settlement_id) 
    values
        (?, ?, ?, ?, ?)
2026-01-03T21:55:14.194+09:00 DEBUG 36720 --- [restartedMain] org.hibernate.SQL                        : 
    insert 
    into
        participant
        (constant, denominator, numerator, member_id, settlement_id) 
    values
        (?, ?, ?, ?, ?)
2026-01-03T21:55:14.195+09:00 DEBUG 36720 --- [restartedMain] org.hibernate.SQL                        : 
    insert 
    into
        settlement
        (amount, calculate_id, item, payer_id, place, group_id, settlement_id) 
    values
        (?, ?, ?, ?, ?, ?, default)
2026-01-03T21:55:14.198+09:00 DEBUG 36720 --- [restartedMain] org.hibernate.SQL                        : 
    select
        p1_0.member_id,
        p1_0.settlement_id,
        p1_0.constant,
        p1_0.denominator,
        p1_0.numerator 
    from
        participant p1_0 
    where
        (
            p1_0.member_id, p1_0.settlement_id
        ) in ((?, ?))
2026-01-03T21:55:14.202+09:00 DEBUG 36720 --- [restartedMain] org.hibernate.SQL                        : 
    select
        p1_0.member_id,
        p1_0.settlement_id,
        p1_0.constant,
        p1_0.denominator,
        p1_0.numerator 
    from
        participant p1_0 
    where
        (
            p1_0.member_id, p1_0.settlement_id
        ) in ((?, ?))
2026-01-03T21:55:14.205+09:00 DEBUG 36720 --- [restartedMain] org.hibernate.SQL                        : 
    select
        p1_0.member_id,
        p1_0.settlement_id,
        p1_0.constant,
        p1_0.denominator,
        p1_0.numerator 
    from
        participant p1_0 
    where
        (
            p1_0.member_id, p1_0.settlement_id
        ) in ((?, ?))
2026-01-03T21:55:14.207+09:00 DEBUG 36720 --- [restartedMain] org.hibernate.SQL                        : 
    insert 
    into
        participant
        (constant, denominator, numerator, member_id, settlement_id) 
    values
        (?, ?, ?, ?, ?)
2026-01-03T21:55:14.211+09:00 DEBUG 36720 --- [restartedMain] org.hibernate.SQL                        : 
    insert 
    into
        participant
        (constant, denominator, numerator, member_id, settlement_id) 
    values
        (?, ?, ?, ?, ?)
2026-01-03T21:55:14.216+09:00 DEBUG 36720 --- [restartedMain] org.hibernate.SQL                        : 
    insert 
    into
        participant
        (constant, denominator, numerator, member_id, settlement_id) 
    values
        (?, ?, ?, ?, ?)
2026-01-03T21:55:14.221+09:00 DEBUG 36720 --- [restartedMain] org.hibernate.SQL                        : 
    insert 
    into
        settlement
        (amount, calculate_id, item, payer_id, place, group_id, settlement_id) 
    values
        (?, ?, ?, ?, ?, ?, default)
2026-01-03T21:55:14.228+09:00 DEBUG 36720 --- [restartedMain] org.hibernate.SQL                        : 
    select
        p1_0.member_id,
        p1_0.settlement_id,
        p1_0.constant,
        p1_0.denominator,
        p1_0.numerator 
    from
        participant p1_0 
    where
        (
            p1_0.member_id, p1_0.settlement_id
        ) in ((?, ?))
2026-01-03T21:55:14.231+09:00 DEBUG 36720 --- [restartedMain] org.hibernate.SQL                        : 
    select
        p1_0.member_id,
        p1_0.settlement_id,
        p1_0.constant,
        p1_0.denominator,
        p1_0.numerator 
    from
        participant p1_0 
    where
        (
            p1_0.member_id, p1_0.settlement_id
        ) in ((?, ?))
2026-01-03T21:55:14.234+09:00 DEBUG 36720 --- [restartedMain] org.hibernate.SQL                        : 
    select
        p1_0.member_id,
        p1_0.settlement_id,
        p1_0.constant,
        p1_0.denominator,
        p1_0.numerator 
    from
        participant p1_0 
    where
        (
            p1_0.member_id, p1_0.settlement_id
        ) in ((?, ?))
2026-01-03T21:55:14.236+09:00 DEBUG 36720 --- [restartedMain] org.hibernate.SQL                        : 
    insert 
    into
        participant
        (constant, denominator, numerator, member_id, settlement_id) 
    values
        (?, ?, ?, ?, ?)
2026-01-03T21:55:14.239+09:00 DEBUG 36720 --- [restartedMain] org.hibernate.SQL                        : 
    insert 
    into
        participant
        (constant, denominator, numerator, member_id, settlement_id) 
    values
        (?, ?, ?, ?, ?)
2026-01-03T21:55:14.241+09:00 DEBUG 36720 --- [restartedMain] org.hibernate.SQL                        : 
    insert 
    into
        participant
        (constant, denominator, numerator, member_id, settlement_id) 
    values
        (?, ?, ?, ?, ?)
2026-01-03T21:55:14.242+09:00 DEBUG 36720 --- [restartedMain] org.hibernate.SQL                        : 
    insert 
    into
        calculate_detail
        (amount, calculate_id, payee_id, payer_id, calculate_detail_id) 
    values
        (?, ?, ?, ?, default)
2026-01-03T21:55:14.246+09:00 DEBUG 36720 --- [restartedMain] org.hibernate.SQL                        : 
    insert 
    into
        calculate
        (end_time, start_time, status, group_id, calculate_id) 
    values
        (?, ?, ?, ?, default)
2026-01-03T21:55:14.250+09:00 DEBUG 36720 --- [restartedMain] org.hibernate.SQL                        : 
    insert 
    into
        settlement
        (amount, calculate_id, item, payer_id, place, group_id, settlement_id) 
    values
        (?, ?, ?, ?, ?, ?, default)
2026-01-03T21:55:14.254+09:00 DEBUG 36720 --- [restartedMain] org.hibernate.SQL                        : 
    select
        p1_0.member_id,
        p1_0.settlement_id,
        p1_0.constant,
        p1_0.denominator,
        p1_0.numerator 
    from
        participant p1_0 
    where
        (
            p1_0.member_id, p1_0.settlement_id
        ) in ((?, ?))
2026-01-03T21:55:14.258+09:00 DEBUG 36720 --- [restartedMain] org.hibernate.SQL                        : 
    select
        p1_0.member_id,
        p1_0.settlement_id,
        p1_0.constant,
        p1_0.denominator,
        p1_0.numerator 
    from
        participant p1_0 
    where
        (
            p1_0.member_id, p1_0.settlement_id
        ) in ((?, ?))
2026-01-03T21:55:14.260+09:00 DEBUG 36720 --- [restartedMain] org.hibernate.SQL                        : 
    select
        p1_0.member_id,
        p1_0.settlement_id,
        p1_0.constant,
        p1_0.denominator,
        p1_0.numerator 
    from
        participant p1_0 
    where
        (
            p1_0.member_id, p1_0.settlement_id
        ) in ((?, ?))
2026-01-03T21:55:14.263+09:00 DEBUG 36720 --- [restartedMain] org.hibernate.SQL                        : 
    insert 
    into
        participant
        (constant, denominator, numerator, member_id, settlement_id) 
    values
        (?, ?, ?, ?, ?)
2026-01-03T21:55:14.267+09:00 DEBUG 36720 --- [restartedMain] org.hibernate.SQL                        : 
    insert 
    into
        participant
        (constant, denominator, numerator, member_id, settlement_id) 
    values
        (?, ?, ?, ?, ?)
2026-01-03T21:55:14.269+09:00 DEBUG 36720 --- [restartedMain] org.hibernate.SQL                        : 
    insert 
    into
        participant
        (constant, denominator, numerator, member_id, settlement_id) 
    values
        (?, ?, ?, ?, ?)
2026-01-03T21:55:14.271+09:00 DEBUG 36720 --- [restartedMain] org.hibernate.SQL                        : 
    insert 
    into
        settlement
        (amount, calculate_id, item, payer_id, place, group_id, settlement_id) 
    values
        (?, ?, ?, ?, ?, ?, default)
2026-01-03T21:55:14.275+09:00 DEBUG 36720 --- [restartedMain] org.hibernate.SQL                        : 
    select
        p1_0.member_id,
        p1_0.settlement_id,
        p1_0.constant,
        p1_0.denominator,
        p1_0.numerator 
    from
        participant p1_0 
    where
        (
            p1_0.member_id, p1_0.settlement_id
        ) in ((?, ?))
2026-01-03T21:55:14.277+09:00 DEBUG 36720 --- [restartedMain] org.hibernate.SQL                        : 
    select
        p1_0.member_id,
        p1_0.settlement_id,
        p1_0.constant,
        p1_0.denominator,
        p1_0.numerator 
    from
        participant p1_0 
    where
        (
            p1_0.member_id, p1_0.settlement_id
        ) in ((?, ?))
2026-01-03T21:55:14.280+09:00 DEBUG 36720 --- [restartedMain] org.hibernate.SQL                        : 
    select
        p1_0.member_id,
        p1_0.settlement_id,
        p1_0.constant,
        p1_0.denominator,
        p1_0.numerator 
    from
        participant p1_0 
    where
        (
            p1_0.member_id, p1_0.settlement_id
        ) in ((?, ?))
2026-01-03T21:55:14.285+09:00 DEBUG 36720 --- [restartedMain] org.hibernate.SQL                        : 
    insert 
    into
        participant
        (constant, denominator, numerator, member_id, settlement_id) 
    values
        (?, ?, ?, ?, ?)
2026-01-03T21:55:14.286+09:00 DEBUG 36720 --- [restartedMain] org.hibernate.SQL                        : 
    insert 
    into
        participant
        (constant, denominator, numerator, member_id, settlement_id) 
    values
        (?, ?, ?, ?, ?)
2026-01-03T21:55:14.287+09:00 DEBUG 36720 --- [restartedMain] org.hibernate.SQL                        : 
    insert 
    into
        participant
        (constant, denominator, numerator, member_id, settlement_id) 
    values
        (?, ?, ?, ?, ?)
2026-01-03T21:55:14.289+09:00 DEBUG 36720 --- [restartedMain] org.hibernate.SQL                        : 
    insert 
    into
        settlement
        (amount, calculate_id, item, payer_id, place, group_id, settlement_id) 
    values
        (?, ?, ?, ?, ?, ?, default)
2026-01-03T21:55:14.293+09:00 DEBUG 36720 --- [restartedMain] org.hibernate.SQL                        : 
    select
        p1_0.member_id,
        p1_0.settlement_id,
        p1_0.constant,
        p1_0.denominator,
        p1_0.numerator 
    from
        participant p1_0 
    where
        (
            p1_0.member_id, p1_0.settlement_id
        ) in ((?, ?))
2026-01-03T21:55:14.299+09:00 DEBUG 36720 --- [restartedMain] org.hibernate.SQL                        : 
    select
        p1_0.member_id,
        p1_0.settlement_id,
        p1_0.constant,
        p1_0.denominator,
        p1_0.numerator 
    from
        participant p1_0 
    where
        (
            p1_0.member_id, p1_0.settlement_id
        ) in ((?, ?))
2026-01-03T21:55:14.301+09:00 DEBUG 36720 --- [restartedMain] org.hibernate.SQL                        : 
    select
        p1_0.member_id,
        p1_0.settlement_id,
        p1_0.constant,
        p1_0.denominator,
        p1_0.numerator 
    from
        participant p1_0 
    where
        (
            p1_0.member_id, p1_0.settlement_id
        ) in ((?, ?))
2026-01-03T21:55:14.303+09:00 DEBUG 36720 --- [restartedMain] org.hibernate.SQL                        : 
    insert 
    into
        participant
        (constant, denominator, numerator, member_id, settlement_id) 
    values
        (?, ?, ?, ?, ?)
2026-01-03T21:55:14.310+09:00 DEBUG 36720 --- [restartedMain] org.hibernate.SQL                        : 
    insert 
    into
        participant
        (constant, denominator, numerator, member_id, settlement_id) 
    values
        (?, ?, ?, ?, ?)
2026-01-03T21:55:14.312+09:00 DEBUG 36720 --- [restartedMain] org.hibernate.SQL                        : 
    insert 
    into
        participant
        (constant, denominator, numerator, member_id, settlement_id) 
    values
        (?, ?, ?, ?, ?)
2026-01-03T21:55:14.321+09:00 DEBUG 36720 --- [restartedMain] org.hibernate.SQL                        : 
    insert 
    into
        calculate_detail
        (amount, calculate_id, payee_id, payer_id, calculate_detail_id) 
    values
        (?, ?, ?, ?, default)
2026-01-03T21:55:14.329+09:00 DEBUG 36720 --- [restartedMain] org.hibernate.SQL                        : 
    insert 
    into
        calculate
        (end_time, start_time, status, group_id, calculate_id) 
    values
        (?, ?, ?, ?, default)
2026-01-03T21:55:14.335+09:00 DEBUG 36720 --- [restartedMain] org.hibernate.SQL                        : 
    insert 
    into
        settlement
        (amount, calculate_id, item, payer_id, place, group_id, settlement_id) 
    values
        (?, ?, ?, ?, ?, ?, default)
2026-01-03T21:55:14.344+09:00 DEBUG 36720 --- [restartedMain] org.hibernate.SQL                        : 
    select
        p1_0.member_id,
        p1_0.settlement_id,
        p1_0.constant,
        p1_0.denominator,
        p1_0.numerator 
    from
        participant p1_0 
    where
        (
            p1_0.member_id, p1_0.settlement_id
        ) in ((?, ?))
2026-01-03T21:55:14.353+09:00 DEBUG 36720 --- [restartedMain] org.hibernate.SQL                        : 
    select
        p1_0.member_id,
        p1_0.settlement_id,
        p1_0.constant,
        p1_0.denominator,
        p1_0.numerator 
    from
        participant p1_0 
    where
        (
            p1_0.member_id, p1_0.settlement_id
        ) in ((?, ?))
2026-01-03T21:55:14.365+09:00 DEBUG 36720 --- [restartedMain] org.hibernate.SQL                        : 
    select
        p1_0.member_id,
        p1_0.settlement_id,
        p1_0.constant,
        p1_0.denominator,
        p1_0.numerator 
    from
        participant p1_0 
    where
        (
            p1_0.member_id, p1_0.settlement_id
        ) in ((?, ?))
2026-01-03T21:55:14.372+09:00 DEBUG 36720 --- [restartedMain] org.hibernate.SQL                        : 
    insert 
    into
        participant
        (constant, denominator, numerator, member_id, settlement_id) 
    values
        (?, ?, ?, ?, ?)
2026-01-03T21:55:14.375+09:00 DEBUG 36720 --- [restartedMain] org.hibernate.SQL                        : 
    insert 
    into
        participant
        (constant, denominator, numerator, member_id, settlement_id) 
    values
        (?, ?, ?, ?, ?)
2026-01-03T21:55:14.376+09:00 DEBUG 36720 --- [restartedMain] org.hibernate.SQL                        : 
    insert 
    into
        participant
        (constant, denominator, numerator, member_id, settlement_id) 
    values
        (?, ?, ?, ?, ?)
2026-01-03T21:55:14.376+09:00 DEBUG 36720 --- [restartedMain] org.hibernate.SQL                        : 
    insert 
    into
        settlement
        (amount, calculate_id, item, payer_id, place, group_id, settlement_id) 
    values
        (?, ?, ?, ?, ?, ?, default)
2026-01-03T21:55:14.378+09:00 DEBUG 36720 --- [restartedMain] org.hibernate.SQL                        : 
    select
        p1_0.member_id,
        p1_0.settlement_id,
        p1_0.constant,
        p1_0.denominator,
        p1_0.numerator 
    from
        participant p1_0 
    where
        (
            p1_0.member_id, p1_0.settlement_id
        ) in ((?, ?))
2026-01-03T21:55:14.382+09:00 DEBUG 36720 --- [restartedMain] org.hibernate.SQL                        : 
    select
        p1_0.member_id,
        p1_0.settlement_id,
        p1_0.constant,
        p1_0.denominator,
        p1_0.numerator 
    from
        participant p1_0 
    where
        (
            p1_0.member_id, p1_0.settlement_id
        ) in ((?, ?))
2026-01-03T21:55:14.429+09:00 DEBUG 36720 --- [restartedMain] org.hibernate.SQL                        : 
    select
        p1_0.member_id,
        p1_0.settlement_id,
        p1_0.constant,
        p1_0.denominator,
        p1_0.numerator 
    from
        participant p1_0 
    where
        (
            p1_0.member_id, p1_0.settlement_id
        ) in ((?, ?))
2026-01-03T21:55:14.431+09:00 DEBUG 36720 --- [restartedMain] org.hibernate.SQL                        : 
    insert 
    into
        participant
        (constant, denominator, numerator, member_id, settlement_id) 
    values
        (?, ?, ?, ?, ?)
2026-01-03T21:55:14.432+09:00 DEBUG 36720 --- [restartedMain] org.hibernate.SQL                        : 
    insert 
    into
        participant
        (constant, denominator, numerator, member_id, settlement_id) 
    values
        (?, ?, ?, ?, ?)
2026-01-03T21:55:14.433+09:00 DEBUG 36720 --- [restartedMain] org.hibernate.SQL                        : 
    insert 
    into
        participant
        (constant, denominator, numerator, member_id, settlement_id) 
    values
        (?, ?, ?, ?, ?)
2026-01-03T21:55:14.435+09:00 DEBUG 36720 --- [restartedMain] org.hibernate.SQL                        : 
    insert 
    into
        settlement
        (amount, calculate_id, item, payer_id, place, group_id, settlement_id) 
    values
        (?, ?, ?, ?, ?, ?, default)
2026-01-03T21:55:14.441+09:00 DEBUG 36720 --- [restartedMain] org.hibernate.SQL                        : 
    select
        p1_0.member_id,
        p1_0.settlement_id,
        p1_0.constant,
        p1_0.denominator,
        p1_0.numerator 
    from
        participant p1_0 
    where
        (
            p1_0.member_id, p1_0.settlement_id
        ) in ((?, ?))
2026-01-03T21:55:14.464+09:00 DEBUG 36720 --- [restartedMain] org.hibernate.SQL                        : 
    select
        p1_0.member_id,
        p1_0.settlement_id,
        p1_0.constant,
        p1_0.denominator,
        p1_0.numerator 
    from
        participant p1_0 
    where
        (
            p1_0.member_id, p1_0.settlement_id
        ) in ((?, ?))
2026-01-03T21:55:14.470+09:00 DEBUG 36720 --- [restartedMain] org.hibernate.SQL                        : 
    select
        p1_0.member_id,
        p1_0.settlement_id,
        p1_0.constant,
        p1_0.denominator,
        p1_0.numerator 
    from
        participant p1_0 
    where
        (
            p1_0.member_id, p1_0.settlement_id
        ) in ((?, ?))
2026-01-03T21:55:14.473+09:00 DEBUG 36720 --- [restartedMain] org.hibernate.SQL                        : 
    insert 
    into
        participant
        (constant, denominator, numerator, member_id, settlement_id) 
    values
        (?, ?, ?, ?, ?)
2026-01-03T21:55:14.478+09:00 DEBUG 36720 --- [restartedMain] org.hibernate.SQL                        : 
    insert 
    into
        participant
        (constant, denominator, numerator, member_id, settlement_id) 
    values
        (?, ?, ?, ?, ?)
2026-01-03T21:55:14.479+09:00 DEBUG 36720 --- [restartedMain] org.hibernate.SQL                        : 
    insert 
    into
        participant
        (constant, denominator, numerator, member_id, settlement_id) 
    values
        (?, ?, ?, ?, ?)
2026-01-03T21:55:14.480+09:00 DEBUG 36720 --- [restartedMain] org.hibernate.SQL                        : 
    insert 
    into
        calculate_detail
        (amount, calculate_id, payee_id, payer_id, calculate_detail_id) 
    values
        (?, ?, ?, ?, default)
2026-01-03T21:56:10.033+09:00  INFO 5040 --- [restartedMain] c.t.b.t.TallybotBackApplication          : Starting TallybotBackApplication using Java 17.0.17 with PID 5040 (C:\Users\jhy69\OneDrive\문서\GitHub\TallyBot\api-backend\tallybot_back\build\classes\java\main started by jhy69 in C:\Users\jhy69\OneDrive\문서\GitHub\TallyBot\api-backend\tallybot_back)
2026-01-03T21:56:10.041+09:00 DEBUG 5040 --- [restartedMain] c.t.b.t.TallybotBackApplication          : Running with Spring Boot v3.4.5, Spring v6.2.6
2026-01-03T21:56:10.044+09:00  INFO 5040 --- [restartedMain] c.t.b.t.TallybotBackApplication          : The following 1 profile is active: "dev"
2026-01-03T21:56:10.207+09:00  INFO 5040 --- [restartedMain] .e.DevToolsPropertyDefaultsPostProcessor : Devtools property defaults active! Set 'spring.devtools.add-properties' to 'false' to disable
2026-01-03T21:56:10.207+09:00  INFO 5040 --- [restartedMain] .e.DevToolsPropertyDefaultsPostProcessor : For additional web related logging consider setting the 'logging.level.web' property to 'DEBUG'
2026-01-03T21:56:12.776+09:00  INFO 5040 --- [restartedMain] .s.d.r.c.RepositoryConfigurationDelegate : Bootstrapping Spring Data JPA repositories in DEFAULT mode.
2026-01-03T21:56:13.066+09:00  INFO 5040 --- [restartedMain] .s.d.r.c.RepositoryConfigurationDelegate : Finished Spring Data repository scanning in 257 ms. Found 7 JPA repository interfaces.
2026-01-03T21:56:15.224+09:00  INFO 5040 --- [restartedMain] o.s.b.w.embedded.tomcat.TomcatWebServer  : Tomcat initialized with port 8080 (http)
2026-01-03T21:56:15.259+09:00  INFO 5040 --- [restartedMain] o.apache.catalina.core.StandardService   : Starting service [Tomcat]
2026-01-03T21:56:15.259+09:00  INFO 5040 --- [restartedMain] o.apache.catalina.core.StandardEngine    : Starting Servlet engine: [Apache Tomcat/10.1.40]
2026-01-03T21:56:15.400+09:00  INFO 5040 --- [restartedMain] o.a.c.c.C.[Tomcat].[localhost].[/]       : Initializing Spring embedded WebApplicationContext
2026-01-03T21:56:15.400+09:00  INFO 5040 --- [restartedMain] w.s.c.ServletWebServerApplicationContext : Root WebApplicationContext: initialization completed in 5192 ms
2026-01-03T21:56:16.103+09:00  INFO 5040 --- [restartedMain] o.hibernate.jpa.internal.util.LogHelper  : HHH000204: Processing PersistenceUnitInfo [name: default]
2026-01-03T21:56:16.243+09:00  INFO 5040 --- [restartedMain] org.hibernate.Version                    : HHH000412: Hibernate ORM core version 6.6.13.Final
2026-01-03T21:56:16.324+09:00  INFO 5040 --- [restartedMain] o.h.c.internal.RegionFactoryInitiator    : HHH000026: Second-level cache disabled
2026-01-03T21:56:16.915+09:00  INFO 5040 --- [restartedMain] o.s.o.j.p.SpringPersistenceUnitInfo      : No LoadTimeWeaver setup: ignoring JPA class transformer
2026-01-03T21:56:16.983+09:00  INFO 5040 --- [restartedMain] com.zaxxer.hikari.HikariDataSource       : HikariPool-1 - Starting...
2026-01-03T21:56:17.350+09:00  INFO 5040 --- [restartedMain] com.zaxxer.hikari.pool.HikariPool        : HikariPool-1 - Added connection conn0: url=jdbc:h2:mem:testdb user=SA
2026-01-03T21:56:17.353+09:00  INFO 5040 --- [restartedMain] com.zaxxer.hikari.HikariDataSource       : HikariPool-1 - Start completed.
2026-01-03T21:56:17.410+09:00  WARN 5040 --- [restartedMain] org.hibernate.orm.deprecation            : HHH90000025: H2Dialect does not need to be specified explicitly using 'hibernate.dialect' (remove the property setting and it will be selected by default)
2026-01-03T21:56:17.456+09:00  INFO 5040 --- [restartedMain] org.hibernate.orm.connections.pooling    : HHH10001005: Database info:
	Database JDBC URL [Connecting through datasource 'HikariDataSource (HikariPool-1)']
	Database driver: undefined/unknown
	Database version: 2.3.232
	Autocommit mode: undefined/unknown
	Isolation level: undefined/unknown
	Minimum pool size: undefined/unknown
	Maximum pool size: undefined/unknown
2026-01-03T21:56:19.826+09:00  INFO 5040 --- [restartedMain] o.h.e.t.j.p.i.JtaPlatformInitiator       : HHH000489: No JTA platform available (set 'hibernate.transaction.jta.platform' to enable JTA platform integration)
2026-01-03T21:56:19.869+09:00 DEBUG 5040 --- [restartedMain] org.hibernate.SQL                        : 
    drop table if exists calculate cascade 
2026-01-03T21:56:19.876+09:00 DEBUG 5040 --- [restartedMain] org.hibernate.SQL                        : 
    drop table if exists calculate_detail cascade 
2026-01-03T21:56:19.877+09:00 DEBUG 5040 --- [restartedMain] org.hibernate.SQL                        : 
    drop table if exists chat cascade 
2026-01-03T21:56:19.878+09:00 DEBUG 5040 --- [restartedMain] org.hibernate.SQL                        : 
    drop table if exists member cascade 
2026-01-03T21:56:19.881+09:00 DEBUG 5040 --- [restartedMain] org.hibernate.SQL                        : 
    drop table if exists participant cascade 
2026-01-03T21:56:19.882+09:00 DEBUG 5040 --- [restartedMain] org.hibernate.SQL                        : 
    drop table if exists settlement cascade 
2026-01-03T21:56:19.883+09:00 DEBUG 5040 --- [restartedMain] org.hibernate.SQL                        : 
    drop table if exists user_group cascade 
2026-01-03T21:56:19.893+09:00 DEBUG 5040 --- [restartedMain] org.hibernate.SQL                        : 
    create table calculate (
        calculate_id bigint generated by default as identity,
        end_time timestamp(6) not null,
        group_id bigint not null,
        start_time timestamp(6) not null,
        status enum ('CALCULATING','COMPLETED','PENDING') not null,
        primary key (calculate_id)
    )
2026-01-03T21:56:19.910+09:00 DEBUG 5040 --- [restartedMain] org.hibernate.SQL                        : 
    create table calculate_detail (
        amount integer not null,
        calculate_detail_id bigint generated by default as identity,
        calculate_id bigint not null,
        payee_id bigint not null,
        payer_id bigint not null,
        primary key (calculate_detail_id)
    )
2026-01-03T21:56:19.916+09:00 DEBUG 5040 --- [restartedMain] org.hibernate.SQL                        : 
    create table chat (
        chat_id bigint generated by default as identity,
        group_id bigint not null,
        member_id bigint not null,
        timestamp timestamp(6) not null,
        message MEDIUMTEXT not null,
        primary key (chat_id)
    )
2026-01-03T21:56:19.920+09:00 DEBUG 5040 --- [restartedMain] org.hibernate.SQL                        : 
    create table member (
        group_id bigint not null,
        member_id bigint generated by default as identity,
        nickname VARCHAR(20) not null,
        primary key (member_id)
    )
2026-01-03T21:56:19.923+09:00 DEBUG 5040 --- [restartedMain] org.hibernate.SQL                        : 
    create table participant (
        constant integer not null,
        denominator INT not null,
        numerator INT not null,
        member_id bigint not null,
        settlement_id bigint not null,
        primary key (member_id, settlement_id)
    )
2026-01-03T21:56:19.927+09:00 DEBUG 5040 --- [restartedMain] org.hibernate.SQL                        : 
    create table settlement (
        amount integer not null,
        calculate_id bigint not null,
        group_id bigint not null,
        payer_id bigint not null,
        settlement_id bigint generated by default as identity,
        item varchar(63) not null,
        place varchar(63) not null,
        primary key (settlement_id)
    )
2026-01-03T21:56:19.933+09:00 DEBUG 5040 --- [restartedMain] org.hibernate.SQL                        : 
    create table user_group (
        group_id bigint not null,
        group_name VARCHAR(50) not null,
        primary key (group_id)
    )
2026-01-03T21:56:19.936+09:00 DEBUG 5040 --- [restartedMain] org.hibernate.SQL                        : 
    alter table if exists calculate 
       add constraint FKfs4jrn8l3wlod5jvvshpim6ws 
       foreign key (group_id) 
       references user_group
2026-01-03T21:56:19.956+09:00 DEBUG 5040 --- [restartedMain] org.hibernate.SQL                        : 
    alter table if exists calculate_detail 
       add constraint FK885cdgusidxshkubf5w45u1w8 
       foreign key (calculate_id) 
       references calculate
2026-01-03T21:56:19.960+09:00 DEBUG 5040 --- [restartedMain] org.hibernate.SQL                        : 
    alter table if exists calculate_detail 
       add constraint FK8wd2gu3lo6yh2hu6kc1pfithe 
       foreign key (payee_id) 
       references member
2026-01-03T21:56:19.962+09:00 DEBUG 5040 --- [restartedMain] org.hibernate.SQL                        : 
    alter table if exists calculate_detail 
       add constraint FK4dg4ixn11w2ghd35u4674ee64 
       foreign key (payer_id) 
       references member
2026-01-03T21:56:19.967+09:00 DEBUG 5040 --- [restartedMain] org.hibernate.SQL                        : 
    alter table if exists chat 
       add constraint FKgvc5hrt0h18xk63qosss3ti30 
       foreign key (member_id) 
       references member
2026-01-03T21:56:19.972+09:00 DEBUG 5040 --- [restartedMain] org.hibernate.SQL                        : 
    alter table if exists chat 
       add constraint FKgjakr3e1ux37qs8u392j9dkmo 
       foreign key (group_id) 
       references user_group
2026-01-03T21:56:19.975+09:00 DEBUG 5040 --- [restartedMain] org.hibernate.SQL                        : 
    alter table if exists member 
       add constraint FKomytwiw2f3cy5b7p829b5c006 
       foreign key (group_id) 
       references user_group
2026-01-03T21:56:19.978+09:00 DEBUG 5040 --- [restartedMain] org.hibernate.SQL                        : 
    alter table if exists participant 
       add constraint FK6wairr1n12kj12eguo7hokhm1 
       foreign key (settlement_id) 
       references settlement
2026-01-03T21:56:19.987+09:00 DEBUG 5040 --- [restartedMain] org.hibernate.SQL                        : 
    alter table if exists participant 
       add constraint FKltl2dk33cemkl32l5fo3jmh85 
       foreign key (member_id) 
       references member
2026-01-03T21:56:19.990+09:00 DEBUG 5040 --- [restartedMain] org.hibernate.SQL                        : 
    alter table if exists settlement 
       add constraint FKkmxgxvfx1l6d5e775maehvcla 
       foreign key (calculate_id) 
       references calculate
2026-01-03T21:56:19.993+09:00 DEBUG 5040 --- [restartedMain] org.hibernate.SQL                        : 
    alter table if exists settlement 
       add constraint FKd4ewh0mi4sq5g90u0sioo95p8 
       foreign key (payer_id) 
       references member
2026-01-03T21:56:19.997+09:00 DEBUG 5040 --- [restartedMain] org.hibernate.SQL                        : 
    alter table if exists settlement 
       add constraint FK919jli1nfm8bqoi64w6f1cmgk 
       foreign key (group_id) 
       references user_group
2026-01-03T21:56:20.006+09:00  INFO 5040 --- [restartedMain] j.LocalContainerEntityManagerFactoryBean : Initialized JPA EntityManagerFactory for persistence unit 'default'
2026-01-03T21:56:20.860+09:00  INFO 5040 --- [restartedMain] o.s.d.j.r.query.QueryEnhancerFactory     : Hibernate is in classpath; If applicable, HQL parser will be used.
2026-01-03T21:56:23.326+09:00  INFO 5040 --- [restartedMain] o.s.b.a.h2.H2ConsoleAutoConfiguration    : H2 console available at '/h2-console'. Database available at 'jdbc:h2:mem:testdb'
2026-01-03T21:56:23.532+09:00  INFO 5040 --- [restartedMain] o.s.b.d.a.OptionalLiveReloadServer       : LiveReload server is running on port 35729
2026-01-03T21:56:23.548+09:00  INFO 5040 --- [restartedMain] o.s.b.a.e.web.EndpointLinksResolver      : Exposing 3 endpoints beneath base path '/actuator'
2026-01-03T21:56:23.665+09:00  INFO 5040 --- [restartedMain] o.s.b.w.embedded.tomcat.TomcatWebServer  : Tomcat started on port 8080 (http) with context path '/'
2026-01-03T21:56:23.687+09:00  INFO 5040 --- [restartedMain] c.t.b.t.TallybotBackApplication          : Started TallybotBackApplication in 15.741 seconds (process running for 17.015)
2026-01-03T21:56:23.879+09:00 DEBUG 5040 --- [restartedMain] org.hibernate.SQL                        : 
    select
        count(*) 
    from
        user_group ug1_0
2026-01-03T21:56:23.951+09:00 DEBUG 5040 --- [restartedMain] org.hibernate.SQL                        : 
    select
        ug1_0.group_id,
        ug1_0.group_name 
    from
        user_group ug1_0 
    where
        ug1_0.group_id=?
2026-01-03T21:56:24.016+09:00 DEBUG 5040 --- [restartedMain] org.hibernate.SQL                        : 
    insert 
    into
        user_group
        (group_name, group_id) 
    values
        (?, ?)
2026-01-03T21:56:24.030+09:00 DEBUG 5040 --- [restartedMain] org.hibernate.SQL                        : 
    select
        null,
        ug1_0.group_name 
    from
        user_group ug1_0 
    where
        ug1_0.group_id=?
2026-01-03T21:56:24.033+09:00 DEBUG 5040 --- [restartedMain] org.hibernate.SQL                        : 
    insert 
    into
        member
        (nickname, group_id, member_id) 
    values
        (?, ?, default)
2026-01-03T21:56:24.049+09:00 DEBUG 5040 --- [restartedMain] org.hibernate.SQL                        : 
    insert 
    into
        member
        (nickname, group_id, member_id) 
    values
        (?, ?, default)
2026-01-03T21:56:24.052+09:00 DEBUG 5040 --- [restartedMain] org.hibernate.SQL                        : 
    insert 
    into
        member
        (nickname, group_id, member_id) 
    values
        (?, ?, default)
2026-01-03T21:56:24.055+09:00 DEBUG 5040 --- [restartedMain] org.hibernate.SQL                        : 
    insert 
    into
        calculate
        (end_time, start_time, status, group_id, calculate_id) 
    values
        (?, ?, ?, ?, default)
2026-01-03T21:56:24.060+09:00 DEBUG 5040 --- [restartedMain] org.hibernate.SQL                        : 
    insert 
    into
        settlement
        (amount, calculate_id, item, payer_id, place, group_id, settlement_id) 
    values
        (?, ?, ?, ?, ?, ?, default)
2026-01-03T21:56:24.068+09:00 DEBUG 5040 --- [restartedMain] org.hibernate.SQL                        : 
    select
        p1_0.member_id,
        p1_0.settlement_id,
        p1_0.constant,
        p1_0.denominator,
        p1_0.numerator 
    from
        participant p1_0 
    where
        (
            p1_0.member_id, p1_0.settlement_id
        ) in ((?, ?))
2026-01-03T21:56:24.080+09:00 DEBUG 5040 --- [restartedMain] org.hibernate.SQL                        : 
    select
        p1_0.member_id,
        p1_0.settlement_id,
        p1_0.constant,
        p1_0.denominator,
        p1_0.numerator 
    from
        participant p1_0 
    where
        (
            p1_0.member_id, p1_0.settlement_id
        ) in ((?, ?))
2026-01-03T21:56:24.082+09:00 DEBUG 5040 --- [restartedMain] org.hibernate.SQL                        : 
    select
        p1_0.member_id,
        p1_0.settlement_id,
        p1_0.constant,
        p1_0.denominator,
        p1_0.numerator 
    from
        participant p1_0 
    where
        (
            p1_0.member_id, p1_0.settlement_id
        ) in ((?, ?))
2026-01-03T21:56:24.086+09:00 DEBUG 5040 --- [restartedMain] org.hibernate.SQL                        : 
    insert 
    into
        participant
        (constant, denominator, numerator, member_id, settlement_id) 
    values
        (?, ?, ?, ?, ?)
2026-01-03T21:56:24.090+09:00 DEBUG 5040 --- [restartedMain] org.hibernate.SQL                        : 
    insert 
    into
        participant
        (constant, denominator, numerator, member_id, settlement_id) 
    values
        (?, ?, ?, ?, ?)
2026-01-03T21:56:24.091+09:00 DEBUG 5040 --- [restartedMain] org.hibernate.SQL                        : 
    insert 
    into
        participant
        (constant, denominator, numerator, member_id, settlement_id) 
    values
        (?, ?, ?, ?, ?)
2026-01-03T21:56:24.093+09:00 DEBUG 5040 --- [restartedMain] org.hibernate.SQL                        : 
    insert 
    into
        settlement
        (amount, calculate_id, item, payer_id, place, group_id, settlement_id) 
    values
        (?, ?, ?, ?, ?, ?, default)
2026-01-03T21:56:24.096+09:00 DEBUG 5040 --- [restartedMain] org.hibernate.SQL                        : 
    select
        p1_0.member_id,
        p1_0.settlement_id,
        p1_0.constant,
        p1_0.denominator,
        p1_0.numerator 
    from
        participant p1_0 
    where
        (
            p1_0.member_id, p1_0.settlement_id
        ) in ((?, ?))
2026-01-03T21:56:24.099+09:00 DEBUG 5040 --- [restartedMain] org.hibernate.SQL                        : 
    select
        p1_0.member_id,
        p1_0.settlement_id,
        p1_0.constant,
        p1_0.denominator,
        p1_0.numerator 
    from
        participant p1_0 
    where
        (
            p1_0.member_id, p1_0.settlement_id
        ) in ((?, ?))
2026-01-03T21:56:24.100+09:00 DEBUG 5040 --- [restartedMain] org.hibernate.SQL                        : 
    select
        p1_0.member_id,
        p1_0.settlement_id,
        p1_0.constant,
        p1_0.denominator,
        p1_0.numerator 
    from
        participant p1_0 
    where
        (
            p1_0.member_id, p1_0.settlement_id
        ) in ((?, ?))
2026-01-03T21:56:24.102+09:00 DEBUG 5040 --- [restartedMain] org.hibernate.SQL                        : 
    insert 
    into
        participant
        (constant, denominator, numerator, member_id, settlement_id) 
    values
        (?, ?, ?, ?, ?)
2026-01-03T21:56:24.104+09:00 DEBUG 5040 --- [restartedMain] org.hibernate.SQL                        : 
    insert 
    into
        participant
        (constant, denominator, numerator, member_id, settlement_id) 
    values
        (?, ?, ?, ?, ?)
2026-01-03T21:56:24.105+09:00 DEBUG 5040 --- [restartedMain] org.hibernate.SQL                        : 
    insert 
    into
        participant
        (constant, denominator, numerator, member_id, settlement_id) 
    values
        (?, ?, ?, ?, ?)
2026-01-03T21:56:24.109+09:00 DEBUG 5040 --- [restartedMain] org.hibernate.SQL                        : 
    insert 
    into
        settlement
        (amount, calculate_id, item, payer_id, place, group_id, settlement_id) 
    values
        (?, ?, ?, ?, ?, ?, default)
2026-01-03T21:56:24.115+09:00 DEBUG 5040 --- [restartedMain] org.hibernate.SQL                        : 
    select
        p1_0.member_id,
        p1_0.settlement_id,
        p1_0.constant,
        p1_0.denominator,
        p1_0.numerator 
    from
        participant p1_0 
    where
        (
            p1_0.member_id, p1_0.settlement_id
        ) in ((?, ?))
2026-01-03T21:56:24.118+09:00 DEBUG 5040 --- [restartedMain] org.hibernate.SQL                        : 
    select
        p1_0.member_id,
        p1_0.settlement_id,
        p1_0.constant,
        p1_0.denominator,
        p1_0.numerator 
    from
        participant p1_0 
    where
        (
            p1_0.member_id, p1_0.settlement_id
        ) in ((?, ?))
2026-01-03T21:56:24.125+09:00 DEBUG 5040 --- [restartedMain] org.hibernate.SQL                        : 
    select
        p1_0.member_id,
        p1_0.settlement_id,
        p1_0.constant,
        p1_0.denominator,
        p1_0.numerator 
    from
        participant p1_0 
    where
        (
            p1_0.member_id, p1_0.settlement_id
        ) in ((?, ?))
2026-01-03T21:56:24.131+09:00 DEBUG 5040 --- [restartedMain] org.hibernate.SQL                        : 
    insert 
    into
        participant
        (constant, denominator, numerator, member_id, settlement_id) 
    values
        (?, ?, ?, ?, ?)
2026-01-03T21:56:24.159+09:00 DEBUG 5040 --- [restartedMain] org.hibernate.SQL                        : 
    insert 
    into
        participant
        (constant, denominator, numerator, member_id, settlement_id) 
    values
        (?, ?, ?, ?, ?)
2026-01-03T21:56:24.161+09:00 DEBUG 5040 --- [restartedMain] org.hibernate.SQL                        : 
    insert 
    into
        participant
        (constant, denominator, numerator, member_id, settlement_id) 
    values
        (?, ?, ?, ?, ?)
2026-01-03T21:56:24.167+09:00 DEBUG 5040 --- [restartedMain] org.hibernate.SQL                        : 
    insert 
    into
        calculate_detail
        (amount, calculate_id, payee_id, payer_id, calculate_detail_id) 
    values
        (?, ?, ?, ?, default)
2026-01-03T21:56:24.173+09:00 DEBUG 5040 --- [restartedMain] org.hibernate.SQL                        : 
    insert 
    into
        calculate
        (end_time, start_time, status, group_id, calculate_id) 
    values
        (?, ?, ?, ?, default)
2026-01-03T21:56:24.178+09:00 DEBUG 5040 --- [restartedMain] org.hibernate.SQL                        : 
    insert 
    into
        settlement
        (amount, calculate_id, item, payer_id, place, group_id, settlement_id) 
    values
        (?, ?, ?, ?, ?, ?, default)
2026-01-03T21:56:24.186+09:00 DEBUG 5040 --- [restartedMain] org.hibernate.SQL                        : 
    select
        p1_0.member_id,
        p1_0.settlement_id,
        p1_0.constant,
        p1_0.denominator,
        p1_0.numerator 
    from
        participant p1_0 
    where
        (
            p1_0.member_id, p1_0.settlement_id
        ) in ((?, ?))
2026-01-03T21:56:24.188+09:00 DEBUG 5040 --- [restartedMain] org.hibernate.SQL                        : 
    select
        p1_0.member_id,
        p1_0.settlement_id,
        p1_0.constant,
        p1_0.denominator,
        p1_0.numerator 
    from
        participant p1_0 
    where
        (
            p1_0.member_id, p1_0.settlement_id
        ) in ((?, ?))
2026-01-03T21:56:24.189+09:00 DEBUG 5040 --- [restartedMain] org.hibernate.SQL                        : 
    select
        p1_0.member_id,
        p1_0.settlement_id,
        p1_0.constant,
        p1_0.denominator,
        p1_0.numerator 
    from
        participant p1_0 
    where
        (
            p1_0.member_id, p1_0.settlement_id
        ) in ((?, ?))
2026-01-03T21:56:24.192+09:00 DEBUG 5040 --- [restartedMain] org.hibernate.SQL                        : 
    insert 
    into
        participant
        (constant, denominator, numerator, member_id, settlement_id) 
    values
        (?, ?, ?, ?, ?)
2026-01-03T21:56:24.193+09:00 DEBUG 5040 --- [restartedMain] org.hibernate.SQL                        : 
    insert 
    into
        participant
        (constant, denominator, numerator, member_id, settlement_id) 
    values
        (?, ?, ?, ?, ?)
2026-01-03T21:56:24.194+09:00 DEBUG 5040 --- [restartedMain] org.hibernate.SQL                        : 
    insert 
    into
        participant
        (constant, denominator, numerator, member_id, settlement_id) 
    values
        (?, ?, ?, ?, ?)
2026-01-03T21:56:24.197+09:00 DEBUG 5040 --- [restartedMain] org.hibernate.SQL                        : 
    insert 
    into
        settlement
        (amount, calculate_id, item, payer_id, place, group_id, settlement_id) 
    values
        (?, ?, ?, ?, ?, ?, default)
2026-01-03T21:56:24.200+09:00 DEBUG 5040 --- [restartedMain] org.hibernate.SQL                        : 
    select
        p1_0.member_id,
        p1_0.settlement_id,
        p1_0.constant,
        p1_0.denominator,
        p1_0.numerator 
    from
        participant p1_0 
    where
        (
            p1_0.member_id, p1_0.settlement_id
        ) in ((?, ?))
2026-01-03T21:56:24.202+09:00 DEBUG 5040 --- [restartedMain] org.hibernate.SQL                        : 
    select
        p1_0.member_id,
        p1_0.settlement_id,
        p1_0.constant,
        p1_0.denominator,
        p1_0.numerator 
    from
        participant p1_0 
    where
        (
            p1_0.member_id, p1_0.settlement_id
        ) in ((?, ?))
2026-01-03T21:56:24.205+09:00 DEBUG 5040 --- [restartedMain] org.hibernate.SQL                        : 
    select
        p1_0.member_id,
        p1_0.settlement_id,
        p1_0.constant,
        p1_0.denominator,
        p1_0.numerator 
    from
        participant p1_0 
    where
        (
            p1_0.member_id, p1_0.settlement_id
        ) in ((?, ?))
2026-01-03T21:56:24.208+09:00 DEBUG 5040 --- [restartedMain] org.hibernate.SQL                        : 
    insert 
    into
        participant
        (constant, denominator, numerator, member_id, settlement_id) 
    values
        (?, ?, ?, ?, ?)
2026-01-03T21:56:24.209+09:00 DEBUG 5040 --- [restartedMain] org.hibernate.SQL                        : 
    insert 
    into
        participant
        (constant, denominator, numerator, member_id, settlement_id) 
    values
        (?, ?, ?, ?, ?)
2026-01-03T21:56:24.213+09:00 DEBUG 5040 --- [restartedMain] org.hibernate.SQL                        : 
    insert 
    into
        participant
        (constant, denominator, numerator, member_id, settlement_id) 
    values
        (?, ?, ?, ?, ?)
2026-01-03T21:56:24.214+09:00 DEBUG 5040 --- [restartedMain] org.hibernate.SQL                        : 
    insert 
    into
        settlement
        (amount, calculate_id, item, payer_id, place, group_id, settlement_id) 
    values
        (?, ?, ?, ?, ?, ?, default)
2026-01-03T21:56:24.217+09:00 DEBUG 5040 --- [restartedMain] org.hibernate.SQL                        : 
    select
        p1_0.member_id,
        p1_0.settlement_id,
        p1_0.constant,
        p1_0.denominator,
        p1_0.numerator 
    from
        participant p1_0 
    where
        (
            p1_0.member_id, p1_0.settlement_id
        ) in ((?, ?))
2026-01-03T21:56:24.220+09:00 DEBUG 5040 --- [restartedMain] org.hibernate.SQL                        : 
    select
        p1_0.member_id,
        p1_0.settlement_id,
        p1_0.constant,
        p1_0.denominator,
        p1_0.numerator 
    from
        participant p1_0 
    where
        (
            p1_0.member_id, p1_0.settlement_id
        ) in ((?, ?))
2026-01-03T21:56:24.221+09:00 DEBUG 5040 --- [restartedMain] org.hibernate.SQL                        : 
    select
        p1_0.member_id,
        p1_0.settlement_id,
        p1_0.constant,
        p1_0.denominator,
        p1_0.numerator 
    from
        participant p1_0 
    where
        (
            p1_0.member_id, p1_0.settlement_id
        ) in ((?, ?))
2026-01-03T21:56:24.223+09:00 DEBUG 5040 --- [restartedMain] org.hibernate.SQL                        : 
    insert 
    into
        participant
        (constant, denominator, numerator, member_id, settlement_id) 
    values
        (?, ?, ?, ?, ?)
2026-01-03T21:56:24.224+09:00 DEBUG 5040 --- [restartedMain] org.hibernate.SQL                        : 
    insert 
    into
        participant
        (constant, denominator, numerator, member_id, settlement_id) 
    values
        (?, ?, ?, ?, ?)
2026-01-03T21:56:24.225+09:00 DEBUG 5040 --- [restartedMain] org.hibernate.SQL                        : 
    insert 
    into
        participant
        (constant, denominator, numerator, member_id, settlement_id) 
    values
        (?, ?, ?, ?, ?)
2026-01-03T21:56:24.226+09:00 DEBUG 5040 --- [restartedMain] org.hibernate.SQL                        : 
    insert 
    into
        calculate_detail
        (amount, calculate_id, payee_id, payer_id, calculate_detail_id) 
    values
        (?, ?, ?, ?, default)
2026-01-03T21:56:24.231+09:00 DEBUG 5040 --- [restartedMain] org.hibernate.SQL                        : 
    insert 
    into
        calculate
        (end_time, start_time, status, group_id, calculate_id) 
    values
        (?, ?, ?, ?, default)
2026-01-03T21:56:24.233+09:00 DEBUG 5040 --- [restartedMain] org.hibernate.SQL                        : 
    insert 
    into
        settlement
        (amount, calculate_id, item, payer_id, place, group_id, settlement_id) 
    values
        (?, ?, ?, ?, ?, ?, default)
2026-01-03T21:56:24.236+09:00 DEBUG 5040 --- [restartedMain] org.hibernate.SQL                        : 
    select
        p1_0.member_id,
        p1_0.settlement_id,
        p1_0.constant,
        p1_0.denominator,
        p1_0.numerator 
    from
        participant p1_0 
    where
        (
            p1_0.member_id, p1_0.settlement_id
        ) in ((?, ?))
2026-01-03T21:56:24.237+09:00 DEBUG 5040 --- [restartedMain] org.hibernate.SQL                        : 
    select
        p1_0.member_id,
        p1_0.settlement_id,
        p1_0.constant,
        p1_0.denominator,
        p1_0.numerator 
    from
        participant p1_0 
    where
        (
            p1_0.member_id, p1_0.settlement_id
        ) in ((?, ?))
2026-01-03T21:56:24.239+09:00 DEBUG 5040 --- [restartedMain] org.hibernate.SQL                        : 
    select
        p1_0.member_id,
        p1_0.settlement_id,
        p1_0.constant,
        p1_0.denominator,
        p1_0.numerator 
    from
        participant p1_0 
    where
        (
            p1_0.member_id, p1_0.settlement_id
        ) in ((?, ?))
2026-01-03T21:56:24.242+09:00 DEBUG 5040 --- [restartedMain] org.hibernate.SQL                        : 
    insert 
    into
        participant
        (constant, denominator, numerator, member_id, settlement_id) 
    values
        (?, ?, ?, ?, ?)
2026-01-03T21:56:24.243+09:00 DEBUG 5040 --- [restartedMain] org.hibernate.SQL                        : 
    insert 
    into
        participant
        (constant, denominator, numerator, member_id, settlement_id) 
    values
        (?, ?, ?, ?, ?)
2026-01-03T21:56:24.247+09:00 DEBUG 5040 --- [restartedMain] org.hibernate.SQL                        : 
    insert 
    into
        participant
        (constant, denominator, numerator, member_id, settlement_id) 
    values
        (?, ?, ?, ?, ?)
2026-01-03T21:56:24.248+09:00 DEBUG 5040 --- [restartedMain] org.hibernate.SQL                        : 
    insert 
    into
        settlement
        (amount, calculate_id, item, payer_id, place, group_id, settlement_id) 
    values
        (?, ?, ?, ?, ?, ?, default)
2026-01-03T21:56:24.251+09:00 DEBUG 5040 --- [restartedMain] org.hibernate.SQL                        : 
    select
        p1_0.member_id,
        p1_0.settlement_id,
        p1_0.constant,
        p1_0.denominator,
        p1_0.numerator 
    from
        participant p1_0 
    where
        (
            p1_0.member_id, p1_0.settlement_id
        ) in ((?, ?))
2026-01-03T21:56:24.255+09:00 DEBUG 5040 --- [restartedMain] org.hibernate.SQL                        : 
    select
        p1_0.member_id,
        p1_0.settlement_id,
        p1_0.constant,
        p1_0.denominator,
        p1_0.numerator 
    from
        participant p1_0 
    where
        (
            p1_0.member_id, p1_0.settlement_id
        ) in ((?, ?))
2026-01-03T21:56:24.260+09:00 DEBUG 5040 --- [restartedMain] org.hibernate.SQL                        : 
    select
        p1_0.member_id,
        p1_0.settlement_id,
        p1_0.constant,
        p1_0.denominator,
        p1_0.numerator 
    from
        participant p1_0 
    where
        (
            p1_0.member_id, p1_0.settlement_id
        ) in ((?, ?))
2026-01-03T21:56:24.263+09:00 DEBUG 5040 --- [restartedMain] org.hibernate.SQL                        : 
    insert 
    into
        participant
        (constant, denominator, numerator, member_id, settlement_id) 
    values
        (?, ?, ?, ?, ?)
2026-01-03T21:56:24.265+09:00 DEBUG 5040 --- [restartedMain] org.hibernate.SQL                        : 
    insert 
    into
        participant
        (constant, denominator, numerator, member_id, settlement_id) 
    values
        (?, ?, ?, ?, ?)
2026-01-03T21:56:24.266+09:00 DEBUG 5040 --- [restartedMain] org.hibernate.SQL                        : 
    insert 
    into
        participant
        (constant, denominator, numerator, member_id, settlement_id) 
    values
        (?, ?, ?, ?, ?)
2026-01-03T21:56:24.267+09:00 DEBUG 5040 --- [restartedMain] org.hibernate.SQL                        : 
    insert 
    into
        settlement
        (amount, calculate_id, item, payer_id, place, group_id, settlement_id) 
    values
        (?, ?, ?, ?, ?, ?, default)
2026-01-03T21:56:24.269+09:00 DEBUG 5040 --- [restartedMain] org.hibernate.SQL                        : 
    select
        p1_0.member_id,
        p1_0.settlement_id,
        p1_0.constant,
        p1_0.denominator,
        p1_0.numerator 
    from
        participant p1_0 
    where
        (
            p1_0.member_id, p1_0.settlement_id
        ) in ((?, ?))
2026-01-03T21:56:24.273+09:00 DEBUG 5040 --- [restartedMain] org.hibernate.SQL                        : 
    select
        p1_0.member_id,
        p1_0.settlement_id,
        p1_0.constant,
        p1_0.denominator,
        p1_0.numerator 
    from
        participant p1_0 
    where
        (
            p1_0.member_id, p1_0.settlement_id
        ) in ((?, ?))
2026-01-03T21:56:24.276+09:00 DEBUG 5040 --- [restartedMain] org.hibernate.SQL                        : 
    select
        p1_0.member_id,
        p1_0.settlement_id,
        p1_0.constant,
        p1_0.denominator,
        p1_0.numerator 
    from
        participant p1_0 
    where
        (
            p1_0.member_id, p1_0.settlement_id
        ) in ((?, ?))
2026-01-03T21:56:24.279+09:00 DEBUG 5040 --- [restartedMain] org.hibernate.SQL                        : 
    insert 
    into
        participant
        (constant, denominator, numerator, member_id, settlement_id) 
    values
        (?, ?, ?, ?, ?)
2026-01-03T21:56:24.282+09:00 DEBUG 5040 --- [restartedMain] org.hibernate.SQL                        : 
    insert 
    into
        participant
        (constant, denominator, numerator, member_id, settlement_id) 
    values
        (?, ?, ?, ?, ?)
2026-01-03T21:56:24.283+09:00 DEBUG 5040 --- [restartedMain] org.hibernate.SQL                        : 
    insert 
    into
        participant
        (constant, denominator, numerator, member_id, settlement_id) 
    values
        (?, ?, ?, ?, ?)
2026-01-03T21:56:24.285+09:00 DEBUG 5040 --- [restartedMain] org.hibernate.SQL                        : 
    insert 
    into
        calculate_detail
        (amount, calculate_id, payee_id, payer_id, calculate_detail_id) 
    values
        (?, ?, ?, ?, default)
2026-01-03T21:56:37.338+09:00  INFO 5040 --- [http-nio-8080-exec-1] o.a.c.c.C.[Tomcat].[localhost].[/]       : Initializing Spring DispatcherServlet 'dispatcherServlet'
2026-01-03T21:56:37.338+09:00  INFO 5040 --- [http-nio-8080-exec-1] o.s.web.servlet.DispatcherServlet        : Initializing Servlet 'dispatcherServlet'
2026-01-03T21:56:37.340+09:00  INFO 5040 --- [http-nio-8080-exec-1] o.s.web.servlet.DispatcherServlet        : Completed initialization in 1 ms
2026-01-03T21:56:37.513+09:00  WARN 5040 --- [http-nio-8080-exec-1] .m.m.a.ExceptionHandlerExceptionResolver : Resolved [org.springframework.web.servlet.resource.NoResourceFoundException: No static resource .]
2026-01-03T21:56:37.572+09:00  WARN 5040 --- [http-nio-8080-exec-2] .m.m.a.ExceptionHandlerExceptionResolver : Resolved [org.springframework.web.servlet.resource.NoResourceFoundException: No static resource favicon.ico.]
2026-01-03T22:01:00.126+09:00  WARN 5040 --- [http-nio-8080-exec-3] .m.m.a.ExceptionHandlerExceptionResolver : Resolved [org.springframework.web.servlet.resource.NoResourceFoundException: No static resource api/dev.]
2026-01-03T22:01:00.198+09:00  WARN 5040 --- [http-nio-8080-exec-4] .m.m.a.ExceptionHandlerExceptionResolver : Resolved [org.springframework.web.servlet.resource.NoResourceFoundException: No static resource favicon.ico.]
2026-01-03T22:01:41.417+09:00  WARN 5040 --- [http-nio-8080-exec-6] .m.m.a.ExceptionHandlerExceptionResolver : Resolved [org.springframework.web.servlet.resource.NoResourceFoundException: No static resource favicon.ico.]
2026-01-03T22:11:14.294+09:00  WARN 5040 --- [http-nio-8080-exec-8] .m.m.a.ExceptionHandlerExceptionResolver : Resolved [org.springframework.web.servlet.resource.NoResourceFoundException: No static resource app/process.]
2026-01-03T22:11:14.387+09:00  WARN 5040 --- [http-nio-8080-exec-9] .m.m.a.ExceptionHandlerExceptionResolver : Resolved [org.springframework.web.servlet.resource.NoResourceFoundException: No static resource favicon.ico.]
2026-01-03T22:11:31.637+09:00  WARN 5040 --- [http-nio-8080-exec-10] .m.m.a.ExceptionHandlerExceptionResolver : Resolved [org.springframework.web.servlet.resource.NoResourceFoundException: No static resource calculate/start.]
2026-01-03T22:11:31.703+09:00  WARN 5040 --- [http-nio-8080-exec-1] .m.m.a.ExceptionHandlerExceptionResolver : Resolved [org.springframework.web.servlet.resource.NoResourceFoundException: No static resource favicon.ico.]
2026-01-03T22:11:35.623+09:00  WARN 5040 --- [http-nio-8080-exec-3] .m.m.a.ExceptionHandlerExceptionResolver : Resolved [org.springframework.web.servlet.resource.NoResourceFoundException: No static resource favicon.ico.]
2026-01-03T22:12:33.425+09:00  WARN 5040 --- [http-nio-8080-exec-4] .m.m.a.ExceptionHandlerExceptionResolver : Resolved [org.springframework.web.servlet.resource.NoResourceFoundException: No static resource app/calculate/start.]
2026-01-03T22:12:33.502+09:00  WARN 5040 --- [http-nio-8080-exec-5] .m.m.a.ExceptionHandlerExceptionResolver : Resolved [org.springframework.web.servlet.resource.NoResourceFoundException: No static resource favicon.ico.]
2026-01-03T22:12:35.862+09:00  WARN 5040 --- [http-nio-8080-exec-6] .m.m.a.ExceptionHandlerExceptionResolver : Resolved [org.springframework.web.servlet.resource.NoResourceFoundException: No static resource app/calculate/start.]
2026-01-03T22:12:35.929+09:00  WARN 5040 --- [http-nio-8080-exec-7] .m.m.a.ExceptionHandlerExceptionResolver : Resolved [org.springframework.web.servlet.resource.NoResourceFoundException: No static resource favicon.ico.]
2026-01-03T22:12:58.621+09:00  WARN 5040 --- [http-nio-8080-exec-8] .m.m.a.ExceptionHandlerExceptionResolver : Resolved [org.springframework.web.servlet.resource.NoResourceFoundException: No static resource app/group/1.]
2026-01-03T22:12:58.718+09:00  WARN 5040 --- [http-nio-8080-exec-9] .m.m.a.ExceptionHandlerExceptionResolver : Resolved [org.springframework.web.servlet.resource.NoResourceFoundException: No static resource favicon.ico.]
2026-01-03T22:13:10.687+09:00 DEBUG 5040 --- [http-nio-8080-exec-10] org.hibernate.SQL                        : 
    select
        ug1_0.group_id,
        ug1_0.group_name 
    from
        user_group ug1_0 
    where
        ug1_0.group_id=?
2026-01-03T22:13:10.737+09:00  WARN 5040 --- [http-nio-8080-exec-1] .m.m.a.ExceptionHandlerExceptionResolver : Resolved [org.springframework.web.servlet.resource.NoResourceFoundException: No static resource favicon.ico.]
2026-01-03T22:14:06.349+09:00 DEBUG 5040 --- [http-nio-8080-exec-2] org.hibernate.SQL                        : 
    select
        ug1_0.group_id,
        ug1_0.group_name 
    from
        user_group ug1_0 
    where
        ug1_0.group_id=?
2026-01-03T22:14:06.478+09:00 DEBUG 5040 --- [http-nio-8080-exec-2] org.hibernate.SQL                        : 
    select
        c1_0.calculate_id,
        c1_0.end_time,
        c1_0.start_time,
        c1_0.status,
        c1_0.group_id 
    from
        calculate c1_0 
    where
        c1_0.group_id=?
2026-01-03T22:14:06.581+09:00  WARN 5040 --- [http-nio-8080-exec-3] .m.m.a.ExceptionHandlerExceptionResolver : Resolved [org.springframework.web.servlet.resource.NoResourceFoundException: No static resource favicon.ico.]
2026-01-03T22:58:34.461+09:00  INFO 5040 --- [File Watcher] rtingClassPathChangeChangedEventListener : Restarting due to 18 class path changes (0 additions, 18 deletions, 0 modifications)
2026-01-03T22:58:34.476+09:00  INFO 5040 --- [Thread-5] o.s.b.w.e.tomcat.GracefulShutdown        : Commencing graceful shutdown. Waiting for active requests to complete
2026-01-03T22:58:34.973+09:00  INFO 5040 --- [tomcat-shutdown] o.s.b.w.e.tomcat.GracefulShutdown        : Graceful shutdown complete
2026-01-03T22:58:34.982+09:00  INFO 5040 --- [Thread-5] j.LocalContainerEntityManagerFactoryBean : Closing JPA EntityManagerFactory for persistence unit 'default'
2026-01-03T22:58:34.998+09:00  WARN 5040 --- [Thread-5] o.s.b.f.support.DisposableBeanAdapter    : Invocation of destroy method failed on bean with name 'inMemoryDatabaseShutdownExecutor': org.h2.jdbc.JdbcSQLNonTransientConnectionException: Database is already closed (to disable automatic closing at VM shutdown, add ";DB_CLOSE_ON_EXIT=FALSE" to the db URL) [90121-232]
2026-01-03T22:58:35.000+09:00  INFO 5040 --- [Thread-5] com.zaxxer.hikari.HikariDataSource       : HikariPool-1 - Shutdown initiated...
2026-01-03T22:58:35.004+09:00  INFO 5040 --- [Thread-5] com.zaxxer.hikari.HikariDataSource       : HikariPool-1 - Shutdown completed.
2026-01-03T22:58:35.231+09:00  INFO 5040 --- [restartedMain] c.t.b.t.TallybotBackApplication          : Starting TallybotBackApplication using Java 17.0.17 with PID 5040 (C:\Users\jhy69\OneDrive\문서\GitHub\TallyBot\api-backend\tallybot_back\build\classes\java\main started by jhy69 in C:\Users\jhy69\OneDrive\문서\GitHub\TallyBot\api-backend\tallybot_back)
2026-01-03T22:58:35.232+09:00 DEBUG 5040 --- [restartedMain] c.t.b.t.TallybotBackApplication          : Running with Spring Boot v3.4.5, Spring v6.2.6
2026-01-03T22:58:35.232+09:00  INFO 5040 --- [restartedMain] c.t.b.t.TallybotBackApplication          : The following 1 profile is active: "dev"
2026-01-03T22:58:36.819+09:00  INFO 5040 --- [restartedMain] .s.d.r.c.RepositoryConfigurationDelegate : Bootstrapping Spring Data JPA repositories in DEFAULT mode.
2026-01-03T22:58:36.902+09:00  INFO 5040 --- [restartedMain] .s.d.r.c.RepositoryConfigurationDelegate : Finished Spring Data repository scanning in 80 ms. Found 6 JPA repository interfaces.
2026-01-03T22:58:37.388+09:00  INFO 5040 --- [restartedMain] o.s.b.w.embedded.tomcat.TomcatWebServer  : Tomcat initialized with port 8080 (http)
2026-01-03T22:58:37.389+09:00  INFO 5040 --- [restartedMain] o.apache.catalina.core.StandardService   : Starting service [Tomcat]
2026-01-03T22:58:37.390+09:00  INFO 5040 --- [restartedMain] o.apache.catalina.core.StandardEngine    : Starting Servlet engine: [Apache Tomcat/10.1.40]
2026-01-03T22:58:37.555+09:00  INFO 5040 --- [restartedMain] o.a.c.c.C.[Tomcat].[localhost].[/]       : Initializing Spring embedded WebApplicationContext
2026-01-03T22:58:37.555+09:00  INFO 5040 --- [restartedMain] w.s.c.ServletWebServerApplicationContext : Root WebApplicationContext: initialization completed in 2316 ms
2026-01-03T22:58:37.978+09:00  INFO 5040 --- [restartedMain] o.hibernate.jpa.internal.util.LogHelper  : HHH000204: Processing PersistenceUnitInfo [name: default]
2026-01-03T22:58:37.991+09:00  INFO 5040 --- [restartedMain] o.h.c.internal.RegionFactoryInitiator    : HHH000026: Second-level cache disabled
2026-01-03T22:58:38.030+09:00  INFO 5040 --- [restartedMain] o.s.o.j.p.SpringPersistenceUnitInfo      : No LoadTimeWeaver setup: ignoring JPA class transformer
2026-01-03T22:58:38.034+09:00  INFO 5040 --- [restartedMain] com.zaxxer.hikari.HikariDataSource       : HikariPool-2 - Starting...
2026-01-03T22:58:38.038+09:00  INFO 5040 --- [restartedMain] com.zaxxer.hikari.pool.HikariPool        : HikariPool-2 - Added connection conn30: url=jdbc:h2:mem:testdb user=SA
2026-01-03T22:58:38.038+09:00  INFO 5040 --- [restartedMain] com.zaxxer.hikari.HikariDataSource       : HikariPool-2 - Start completed.
2026-01-03T22:58:38.039+09:00  WARN 5040 --- [restartedMain] org.hibernate.orm.deprecation            : HHH90000025: H2Dialect does not need to be specified explicitly using 'hibernate.dialect' (remove the property setting and it will be selected by default)
2026-01-03T22:58:38.040+09:00  INFO 5040 --- [restartedMain] org.hibernate.orm.connections.pooling    : HHH10001005: Database info:
	Database JDBC URL [Connecting through datasource 'HikariDataSource (HikariPool-2)']
	Database driver: undefined/unknown
	Database version: 2.3.232
	Autocommit mode: undefined/unknown
	Isolation level: undefined/unknown
	Minimum pool size: undefined/unknown
	Maximum pool size: undefined/unknown
2026-01-03T22:58:38.551+09:00  INFO 5040 --- [restartedMain] o.h.e.t.j.p.i.JtaPlatformInitiator       : HHH000489: No JTA platform available (set 'hibernate.transaction.jta.platform' to enable JTA platform integration)
2026-01-03T22:58:38.552+09:00 DEBUG 5040 --- [restartedMain] org.hibernate.SQL                        : 
    drop table if exists calculate cascade 
2026-01-03T22:58:38.553+09:00 DEBUG 5040 --- [restartedMain] org.hibernate.SQL                        : 
    drop table if exists calculate_detail cascade 
2026-01-03T22:58:38.553+09:00 DEBUG 5040 --- [restartedMain] org.hibernate.SQL                        : 
    drop table if exists chat cascade 
2026-01-03T22:58:38.553+09:00 DEBUG 5040 --- [restartedMain] org.hibernate.SQL                        : 
    drop table if exists member cascade 
2026-01-03T22:58:38.553+09:00 DEBUG 5040 --- [restartedMain] org.hibernate.SQL                        : 
    drop table if exists participant cascade 
2026-01-03T22:58:38.553+09:00 DEBUG 5040 --- [restartedMain] org.hibernate.SQL                        : 
    drop table if exists settlement cascade 
2026-01-03T22:58:38.553+09:00 DEBUG 5040 --- [restartedMain] org.hibernate.SQL                        : 
    drop table if exists user_group cascade 
2026-01-03T22:58:38.554+09:00 DEBUG 5040 --- [restartedMain] org.hibernate.SQL                        : 
    create table calculate (
        calculate_id bigint generated by default as identity,
        end_time timestamp(6) not null,
        group_id bigint not null,
        start_time timestamp(6) not null,
        status enum ('CALCULATING','COMPLETED','PENDING') not null,
        primary key (calculate_id)
    )
2026-01-03T22:58:38.555+09:00 DEBUG 5040 --- [restartedMain] org.hibernate.SQL                        : 
    create table calculate_detail (
        amount integer not null,
        calculate_detail_id bigint generated by default as identity,
        calculate_id bigint not null,
        payee_id bigint not null,
        payer_id bigint not null,
        primary key (calculate_detail_id)
    )
2026-01-03T22:58:38.560+09:00 DEBUG 5040 --- [restartedMain] org.hibernate.SQL                        : 
    create table chat (
        chat_id bigint generated by default as identity,
        group_id bigint not null,
        member_id bigint not null,
        timestamp timestamp(6) not null,
        message MEDIUMTEXT not null,
        primary key (chat_id)
    )
2026-01-03T22:58:38.562+09:00 DEBUG 5040 --- [restartedMain] org.hibernate.SQL                        : 
    create table member (
        group_id bigint not null,
        member_id bigint generated by default as identity,
        nickname VARCHAR(20) not null,
        primary key (member_id)
    )
2026-01-03T22:58:38.566+09:00 DEBUG 5040 --- [restartedMain] org.hibernate.SQL                        : 
    create table participant (
        constant integer not null,
        denominator INT not null,
        numerator INT not null,
        member_id bigint not null,
        settlement_id bigint not null,
        primary key (member_id, settlement_id)
    )
2026-01-03T22:58:38.601+09:00 DEBUG 5040 --- [restartedMain] org.hibernate.SQL                        : 
    create table settlement (
        amount integer not null,
        calculate_id bigint not null,
        group_id bigint not null,
        payer_id bigint not null,
        settlement_id bigint generated by default as identity,
        item varchar(63) not null,
        place varchar(63) not null,
        primary key (settlement_id)
    )
2026-01-03T22:58:38.612+09:00 DEBUG 5040 --- [restartedMain] org.hibernate.SQL                        : 
    create table user_group (
        group_id bigint not null,
        group_name VARCHAR(50) not null,
        primary key (group_id)
    )
2026-01-03T22:58:38.620+09:00 DEBUG 5040 --- [restartedMain] org.hibernate.SQL                        : 
    alter table if exists calculate 
       add constraint FKfs4jrn8l3wlod5jvvshpim6ws 
       foreign key (group_id) 
       references user_group
2026-01-03T22:58:38.633+09:00 DEBUG 5040 --- [restartedMain] org.hibernate.SQL                        : 
    alter table if exists calculate_detail 
       add constraint FK885cdgusidxshkubf5w45u1w8 
       foreign key (calculate_id) 
       references calculate
2026-01-03T22:58:38.636+09:00 DEBUG 5040 --- [restartedMain] org.hibernate.SQL                        : 
    alter table if exists calculate_detail 
       add constraint FK8wd2gu3lo6yh2hu6kc1pfithe 
       foreign key (payee_id) 
       references member
2026-01-03T22:58:38.649+09:00 DEBUG 5040 --- [restartedMain] org.hibernate.SQL                        : 
    alter table if exists calculate_detail 
       add constraint FK4dg4ixn11w2ghd35u4674ee64 
       foreign key (payer_id) 
       references member
2026-01-03T22:58:38.654+09:00 DEBUG 5040 --- [restartedMain] org.hibernate.SQL                        : 
    alter table if exists chat 
       add constraint FKgvc5hrt0h18xk63qosss3ti30 
       foreign key (member_id) 
       references member
2026-01-03T22:58:38.656+09:00 DEBUG 5040 --- [restartedMain] org.hibernate.SQL                        : 
    alter table if exists chat 
       add constraint FKgjakr3e1ux37qs8u392j9dkmo 
       foreign key (group_id) 
       references user_group
2026-01-03T22:58:38.665+09:00 DEBUG 5040 --- [restartedMain] org.hibernate.SQL                        : 
    alter table if exists member 
       add constraint FKomytwiw2f3cy5b7p829b5c006 
       foreign key (group_id) 
       references user_group
2026-01-03T22:58:38.673+09:00 DEBUG 5040 --- [restartedMain] org.hibernate.SQL                        : 
    alter table if exists participant 
       add constraint FK6wairr1n12kj12eguo7hokhm1 
       foreign key (settlement_id) 
       references settlement
2026-01-03T22:58:38.679+09:00 DEBUG 5040 --- [restartedMain] org.hibernate.SQL                        : 
    alter table if exists participant 
       add constraint FKltl2dk33cemkl32l5fo3jmh85 
       foreign key (member_id) 
       references member
2026-01-03T22:58:38.695+09:00 DEBUG 5040 --- [restartedMain] org.hibernate.SQL                        : 
    alter table if exists settlement 
       add constraint FKkmxgxvfx1l6d5e775maehvcla 
       foreign key (calculate_id) 
       references calculate
2026-01-03T22:58:38.701+09:00 DEBUG 5040 --- [restartedMain] org.hibernate.SQL                        : 
    alter table if exists settlement 
       add constraint FKd4ewh0mi4sq5g90u0sioo95p8 
       foreign key (payer_id) 
       references member
2026-01-03T22:58:38.737+09:00 DEBUG 5040 --- [restartedMain] org.hibernate.SQL                        : 
    alter table if exists settlement 
       add constraint FK919jli1nfm8bqoi64w6f1cmgk 
       foreign key (group_id) 
       references user_group
2026-01-03T22:58:38.747+09:00  INFO 5040 --- [restartedMain] j.LocalContainerEntityManagerFactoryBean : Initialized JPA EntityManagerFactory for persistence unit 'default'
2026-01-03T22:58:41.439+09:00  INFO 5040 --- [restartedMain] o.s.b.a.h2.H2ConsoleAutoConfiguration    : H2 console available at '/h2-console'. Database available at 'jdbc:h2:mem:testdb'
2026-01-03T22:58:41.595+09:00  INFO 5040 --- [restartedMain] o.s.b.d.a.OptionalLiveReloadServer       : LiveReload server is running on port 35729
2026-01-03T22:58:41.612+09:00  INFO 5040 --- [restartedMain] o.s.b.a.e.web.EndpointLinksResolver      : Exposing 3 endpoints beneath base path '/actuator'
2026-01-03T22:58:41.663+09:00  INFO 5040 --- [restartedMain] o.s.b.w.embedded.tomcat.TomcatWebServer  : Tomcat started on port 8080 (http) with context path '/'
2026-01-03T22:58:41.679+09:00  INFO 5040 --- [restartedMain] c.t.b.t.TallybotBackApplication          : Started TallybotBackApplication in 6.549 seconds (process running for 3755.006)
2026-01-03T22:58:41.686+09:00  INFO 5040 --- [restartedMain] .ConditionEvaluationDeltaLoggingListener : Condition evaluation unchanged
2026-01-03T22:58:43.169+09:00  INFO 5040 --- [File Watcher] rtingClassPathChangeChangedEventListener : Restarting due to 22 class path changes (18 additions, 0 deletions, 4 modifications)
2026-01-03T22:58:43.172+09:00  INFO 5040 --- [Thread-7] o.s.b.w.e.tomcat.GracefulShutdown        : Commencing graceful shutdown. Waiting for active requests to complete
2026-01-03T22:58:43.694+09:00  INFO 5040 --- [tomcat-shutdown] o.s.b.w.e.tomcat.GracefulShutdown        : Graceful shutdown complete
2026-01-03T22:58:43.697+09:00  INFO 5040 --- [Thread-7] j.LocalContainerEntityManagerFactoryBean : Closing JPA EntityManagerFactory for persistence unit 'default'
2026-01-03T22:58:43.704+09:00  WARN 5040 --- [Thread-7] o.s.b.f.support.DisposableBeanAdapter    : Invocation of destroy method failed on bean with name 'inMemoryDatabaseShutdownExecutor': org.h2.jdbc.JdbcSQLNonTransientConnectionException: Database is already closed (to disable automatic closing at VM shutdown, add ";DB_CLOSE_ON_EXIT=FALSE" to the db URL) [90121-232]
2026-01-03T22:58:43.720+09:00  INFO 5040 --- [Thread-7] com.zaxxer.hikari.HikariDataSource       : HikariPool-2 - Shutdown initiated...
2026-01-03T22:58:43.723+09:00  INFO 5040 --- [Thread-7] com.zaxxer.hikari.HikariDataSource       : HikariPool-2 - Shutdown completed.
2026-01-03T22:58:43.963+09:00  INFO 5040 --- [restartedMain] c.t.b.t.TallybotBackApplication          : Starting TallybotBackApplication using Java 17.0.17 with PID 5040 (C:\Users\jhy69\OneDrive\문서\GitHub\TallyBot\api-backend\tallybot_back\build\classes\java\main started by jhy69 in C:\Users\jhy69\OneDrive\문서\GitHub\TallyBot\api-backend\tallybot_back)
2026-01-03T22:58:43.963+09:00 DEBUG 5040 --- [restartedMain] c.t.b.t.TallybotBackApplication          : Running with Spring Boot v3.4.5, Spring v6.2.6
2026-01-03T22:58:43.963+09:00  INFO 5040 --- [restartedMain] c.t.b.t.TallybotBackApplication          : The following 1 profile is active: "dev"
2026-01-03T22:58:45.569+09:00  INFO 5040 --- [restartedMain] .s.d.r.c.RepositoryConfigurationDelegate : Bootstrapping Spring Data JPA repositories in DEFAULT mode.
2026-01-03T22:58:45.839+09:00  INFO 5040 --- [restartedMain] .s.d.r.c.RepositoryConfigurationDelegate : Finished Spring Data repository scanning in 267 ms. Found 7 JPA repository interfaces.
2026-01-03T22:58:46.486+09:00  INFO 5040 --- [restartedMain] o.s.b.w.embedded.tomcat.TomcatWebServer  : Tomcat initialized with port 8080 (http)
2026-01-03T22:58:46.487+09:00  INFO 5040 --- [restartedMain] o.apache.catalina.core.StandardService   : Starting service [Tomcat]
2026-01-03T22:58:46.488+09:00  INFO 5040 --- [restartedMain] o.apache.catalina.core.StandardEngine    : Starting Servlet engine: [Apache Tomcat/10.1.40]
2026-01-03T22:58:46.572+09:00  INFO 5040 --- [restartedMain] o.a.c.c.C.[Tomcat].[localhost].[/]       : Initializing Spring embedded WebApplicationContext
2026-01-03T22:58:46.573+09:00  INFO 5040 --- [restartedMain] w.s.c.ServletWebServerApplicationContext : Root WebApplicationContext: initialization completed in 2597 ms
2026-01-03T22:58:46.910+09:00  INFO 5040 --- [restartedMain] o.hibernate.jpa.internal.util.LogHelper  : HHH000204: Processing PersistenceUnitInfo [name: default]
2026-01-03T22:58:46.921+09:00  INFO 5040 --- [restartedMain] o.h.c.internal.RegionFactoryInitiator    : HHH000026: Second-level cache disabled
2026-01-03T22:58:46.955+09:00  INFO 5040 --- [restartedMain] o.s.o.j.p.SpringPersistenceUnitInfo      : No LoadTimeWeaver setup: ignoring JPA class transformer
2026-01-03T22:58:46.960+09:00  INFO 5040 --- [restartedMain] com.zaxxer.hikari.HikariDataSource       : HikariPool-3 - Starting...
2026-01-03T22:58:46.963+09:00  INFO 5040 --- [restartedMain] com.zaxxer.hikari.pool.HikariPool        : HikariPool-3 - Added connection conn40: url=jdbc:h2:mem:testdb user=SA
2026-01-03T22:58:46.963+09:00  INFO 5040 --- [restartedMain] com.zaxxer.hikari.HikariDataSource       : HikariPool-3 - Start completed.
2026-01-03T22:58:46.966+09:00  WARN 5040 --- [restartedMain] org.hibernate.orm.deprecation            : HHH90000025: H2Dialect does not need to be specified explicitly using 'hibernate.dialect' (remove the property setting and it will be selected by default)
2026-01-03T22:58:46.966+09:00  INFO 5040 --- [restartedMain] org.hibernate.orm.connections.pooling    : HHH10001005: Database info:
	Database JDBC URL [Connecting through datasource 'HikariDataSource (HikariPool-3)']
	Database driver: undefined/unknown
	Database version: 2.3.232
	Autocommit mode: undefined/unknown
	Isolation level: undefined/unknown
	Minimum pool size: undefined/unknown
	Maximum pool size: undefined/unknown
2026-01-03T22:58:47.273+09:00  INFO 5040 --- [restartedMain] o.h.e.t.j.p.i.JtaPlatformInitiator       : HHH000489: No JTA platform available (set 'hibernate.transaction.jta.platform' to enable JTA platform integration)
2026-01-03T22:58:47.276+09:00 DEBUG 5040 --- [restartedMain] org.hibernate.SQL                        : 
    drop table if exists calculate cascade 
2026-01-03T22:58:47.276+09:00 DEBUG 5040 --- [restartedMain] org.hibernate.SQL                        : 
    drop table if exists calculate_detail cascade 
2026-01-03T22:58:47.277+09:00 DEBUG 5040 --- [restartedMain] org.hibernate.SQL                        : 
    drop table if exists chat cascade 
2026-01-03T22:58:47.277+09:00 DEBUG 5040 --- [restartedMain] org.hibernate.SQL                        : 
    drop table if exists member cascade 
2026-01-03T22:58:47.277+09:00 DEBUG 5040 --- [restartedMain] org.hibernate.SQL                        : 
    drop table if exists participant cascade 
2026-01-03T22:58:47.278+09:00 DEBUG 5040 --- [restartedMain] org.hibernate.SQL                        : 
    drop table if exists settlement cascade 
2026-01-03T22:58:47.278+09:00 DEBUG 5040 --- [restartedMain] org.hibernate.SQL                        : 
    drop table if exists user_group cascade 
2026-01-03T22:58:47.279+09:00 DEBUG 5040 --- [restartedMain] org.hibernate.SQL                        : 
    create table calculate (
        calculate_id bigint generated by default as identity,
        end_time timestamp(6) not null,
        group_id bigint not null,
        start_time timestamp(6) not null,
        status enum ('CALCULATING','COMPLETED','PENDING') not null,
        primary key (calculate_id)
    )
2026-01-03T22:58:47.280+09:00 DEBUG 5040 --- [restartedMain] org.hibernate.SQL                        : 
    create table calculate_detail (
        amount integer not null,
        calculate_detail_id bigint generated by default as identity,
        calculate_id bigint not null,
        payee_id bigint not null,
        payer_id bigint not null,
        primary key (calculate_detail_id)
    )
2026-01-03T22:58:47.282+09:00 DEBUG 5040 --- [restartedMain] org.hibernate.SQL                        : 
    create table chat (
        chat_id bigint generated by default as identity,
        group_id bigint not null,
        member_id bigint not null,
        timestamp timestamp(6) not null,
        message MEDIUMTEXT not null,
        primary key (chat_id)
    )
2026-01-03T22:58:47.284+09:00 DEBUG 5040 --- [restartedMain] org.hibernate.SQL                        : 
    create table member (
        group_id bigint not null,
        member_id bigint generated by default as identity,
        nickname VARCHAR(20) not null,
        primary key (member_id)
    )
2026-01-03T22:58:47.287+09:00 DEBUG 5040 --- [restartedMain] org.hibernate.SQL                        : 
    create table participant (
        constant integer not null,
        denominator INT not null,
        numerator INT not null,
        member_id bigint not null,
        settlement_id bigint not null,
        primary key (member_id, settlement_id)
    )
2026-01-03T22:58:47.300+09:00 DEBUG 5040 --- [restartedMain] org.hibernate.SQL                        : 
    create table settlement (
        amount integer not null,
        calculate_id bigint not null,
        group_id bigint not null,
        payer_id bigint not null,
        settlement_id bigint generated by default as identity,
        item varchar(63) not null,
        place varchar(63) not null,
        primary key (settlement_id)
    )
2026-01-03T22:58:47.304+09:00 DEBUG 5040 --- [restartedMain] org.hibernate.SQL                        : 
    create table user_group (
        group_id bigint not null,
        group_name VARCHAR(50) not null,
        primary key (group_id)
    )
2026-01-03T22:58:47.312+09:00 DEBUG 5040 --- [restartedMain] org.hibernate.SQL                        : 
    alter table if exists calculate 
       add constraint FKfs4jrn8l3wlod5jvvshpim6ws 
       foreign key (group_id) 
       references user_group
2026-01-03T22:58:47.333+09:00 DEBUG 5040 --- [restartedMain] org.hibernate.SQL                        : 
    alter table if exists calculate_detail 
       add constraint FK885cdgusidxshkubf5w45u1w8 
       foreign key (calculate_id) 
       references calculate
2026-01-03T22:58:47.336+09:00 DEBUG 5040 --- [restartedMain] org.hibernate.SQL                        : 
    alter table if exists calculate_detail 
       add constraint FK8wd2gu3lo6yh2hu6kc1pfithe 
       foreign key (payee_id) 
       references member
2026-01-03T22:58:47.338+09:00 DEBUG 5040 --- [restartedMain] org.hibernate.SQL                        : 
    alter table if exists calculate_detail 
       add constraint FK4dg4ixn11w2ghd35u4674ee64 
       foreign key (payer_id) 
       references member
2026-01-03T22:58:47.339+09:00 DEBUG 5040 --- [restartedMain] org.hibernate.SQL                        : 
    alter table if exists chat 
       add constraint FKgvc5hrt0h18xk63qosss3ti30 
       foreign key (member_id) 
       references member
2026-01-03T22:58:47.344+09:00 DEBUG 5040 --- [restartedMain] org.hibernate.SQL                        : 
    alter table if exists chat 
       add constraint FKgjakr3e1ux37qs8u392j9dkmo 
       foreign key (group_id) 
       references user_group
2026-01-03T22:58:47.347+09:00 DEBUG 5040 --- [restartedMain] org.hibernate.SQL                        : 
    alter table if exists member 
       add constraint FKomytwiw2f3cy5b7p829b5c006 
       foreign key (group_id) 
       references user_group
2026-01-03T22:58:47.350+09:00 DEBUG 5040 --- [restartedMain] org.hibernate.SQL                        : 
    alter table if exists participant 
       add constraint FK6wairr1n12kj12eguo7hokhm1 
       foreign key (settlement_id) 
       references settlement
2026-01-03T22:58:47.353+09:00 DEBUG 5040 --- [restartedMain] org.hibernate.SQL                        : 
    alter table if exists participant 
       add constraint FKltl2dk33cemkl32l5fo3jmh85 
       foreign key (member_id) 
       references member
2026-01-03T22:58:47.355+09:00 DEBUG 5040 --- [restartedMain] org.hibernate.SQL                        : 
    alter table if exists settlement 
       add constraint FKkmxgxvfx1l6d5e775maehvcla 
       foreign key (calculate_id) 
       references calculate
2026-01-03T22:58:47.356+09:00 DEBUG 5040 --- [restartedMain] org.hibernate.SQL                        : 
    alter table if exists settlement 
       add constraint FKd4ewh0mi4sq5g90u0sioo95p8 
       foreign key (payer_id) 
       references member
2026-01-03T22:58:47.360+09:00 DEBUG 5040 --- [restartedMain] org.hibernate.SQL                        : 
    alter table if exists settlement 
       add constraint FK919jli1nfm8bqoi64w6f1cmgk 
       foreign key (group_id) 
       references user_group
2026-01-03T22:58:47.365+09:00  INFO 5040 --- [restartedMain] j.LocalContainerEntityManagerFactoryBean : Initialized JPA EntityManagerFactory for persistence unit 'default'
2026-01-03T22:58:48.782+09:00  INFO 5040 --- [restartedMain] o.s.b.a.h2.H2ConsoleAutoConfiguration    : H2 console available at '/h2-console'. Database available at 'jdbc:h2:mem:testdb'
2026-01-03T22:58:48.841+09:00  INFO 5040 --- [restartedMain] o.s.b.d.a.OptionalLiveReloadServer       : LiveReload server is running on port 35729
2026-01-03T22:58:48.853+09:00  INFO 5040 --- [restartedMain] o.s.b.a.e.web.EndpointLinksResolver      : Exposing 3 endpoints beneath base path '/actuator'
2026-01-03T22:58:48.893+09:00  INFO 5040 --- [restartedMain] o.s.b.w.embedded.tomcat.TomcatWebServer  : Tomcat started on port 8080 (http) with context path '/'
2026-01-03T22:58:48.905+09:00  INFO 5040 --- [restartedMain] c.t.b.t.TallybotBackApplication          : Started TallybotBackApplication in 5.057 seconds (process running for 3762.233)
2026-01-03T22:58:48.913+09:00 DEBUG 5040 --- [restartedMain] org.hibernate.SQL                        : 
    select
        count(*) 
    from
        user_group ug1_0
2026-01-03T22:58:48.918+09:00 DEBUG 5040 --- [restartedMain] org.hibernate.SQL                        : 
    select
        ug1_0.group_id,
        ug1_0.group_name 
    from
        user_group ug1_0 
    where
        ug1_0.group_id=?
2026-01-03T22:58:48.920+09:00 DEBUG 5040 --- [restartedMain] org.hibernate.SQL                        : 
    insert 
    into
        user_group
        (group_name, group_id) 
    values
        (?, ?)
2026-01-03T22:58:48.921+09:00 DEBUG 5040 --- [restartedMain] org.hibernate.SQL                        : 
    select
        null,
        ug1_0.group_name 
    from
        user_group ug1_0 
    where
        ug1_0.group_id=?
2026-01-03T22:58:48.922+09:00 DEBUG 5040 --- [restartedMain] org.hibernate.SQL                        : 
    insert 
    into
        member
        (nickname, group_id, member_id) 
    values
        (?, ?, default)
2026-01-03T22:58:48.926+09:00 DEBUG 5040 --- [restartedMain] org.hibernate.SQL                        : 
    insert 
    into
        member
        (nickname, group_id, member_id) 
    values
        (?, ?, default)
2026-01-03T22:58:48.928+09:00 DEBUG 5040 --- [restartedMain] org.hibernate.SQL                        : 
    insert 
    into
        member
        (nickname, group_id, member_id) 
    values
        (?, ?, default)
2026-01-03T22:58:48.931+09:00 DEBUG 5040 --- [restartedMain] org.hibernate.SQL                        : 
    insert 
    into
        calculate
        (end_time, start_time, status, group_id, calculate_id) 
    values
        (?, ?, ?, ?, default)
2026-01-03T22:58:48.938+09:00 DEBUG 5040 --- [restartedMain] org.hibernate.SQL                        : 
    insert 
    into
        settlement
        (amount, calculate_id, item, payer_id, place, group_id, settlement_id) 
    values
        (?, ?, ?, ?, ?, ?, default)
2026-01-03T22:58:48.951+09:00 DEBUG 5040 --- [restartedMain] org.hibernate.SQL                        : 
    select
        p1_0.member_id,
        p1_0.settlement_id,
        p1_0.constant,
        p1_0.denominator,
        p1_0.numerator 
    from
        participant p1_0 
    where
        (
            p1_0.member_id, p1_0.settlement_id
        ) in ((?, ?))
2026-01-03T22:58:48.961+09:00 DEBUG 5040 --- [restartedMain] org.hibernate.SQL                        : 
    select
        p1_0.member_id,
        p1_0.settlement_id,
        p1_0.constant,
        p1_0.denominator,
        p1_0.numerator 
    from
        participant p1_0 
    where
        (
            p1_0.member_id, p1_0.settlement_id
        ) in ((?, ?))
2026-01-03T22:58:48.963+09:00 DEBUG 5040 --- [restartedMain] org.hibernate.SQL                        : 
    select
        p1_0.member_id,
        p1_0.settlement_id,
        p1_0.constant,
        p1_0.denominator,
        p1_0.numerator 
    from
        participant p1_0 
    where
        (
            p1_0.member_id, p1_0.settlement_id
        ) in ((?, ?))
2026-01-03T22:58:48.966+09:00 DEBUG 5040 --- [restartedMain] org.hibernate.SQL                        : 
    insert 
    into
        participant
        (constant, denominator, numerator, member_id, settlement_id) 
    values
        (?, ?, ?, ?, ?)
2026-01-03T22:58:48.968+09:00 DEBUG 5040 --- [restartedMain] org.hibernate.SQL                        : 
    insert 
    into
        participant
        (constant, denominator, numerator, member_id, settlement_id) 
    values
        (?, ?, ?, ?, ?)
2026-01-03T22:58:48.969+09:00 DEBUG 5040 --- [restartedMain] org.hibernate.SQL                        : 
    insert 
    into
        participant
        (constant, denominator, numerator, member_id, settlement_id) 
    values
        (?, ?, ?, ?, ?)
2026-01-03T22:58:48.973+09:00 DEBUG 5040 --- [restartedMain] org.hibernate.SQL                        : 
    insert 
    into
        settlement
        (amount, calculate_id, item, payer_id, place, group_id, settlement_id) 
    values
        (?, ?, ?, ?, ?, ?, default)
2026-01-03T22:58:48.979+09:00 DEBUG 5040 --- [restartedMain] org.hibernate.SQL                        : 
    select
        p1_0.member_id,
        p1_0.settlement_id,
        p1_0.constant,
        p1_0.denominator,
        p1_0.numerator 
    from
        participant p1_0 
    where
        (
            p1_0.member_id, p1_0.settlement_id
        ) in ((?, ?))
2026-01-03T22:58:48.980+09:00 DEBUG 5040 --- [restartedMain] org.hibernate.SQL                        : 
    select
        p1_0.member_id,
        p1_0.settlement_id,
        p1_0.constant,
        p1_0.denominator,
        p1_0.numerator 
    from
        participant p1_0 
    where
        (
            p1_0.member_id, p1_0.settlement_id
        ) in ((?, ?))
2026-01-03T22:58:48.982+09:00 DEBUG 5040 --- [restartedMain] org.hibernate.SQL                        : 
    select
        p1_0.member_id,
        p1_0.settlement_id,
        p1_0.constant,
        p1_0.denominator,
        p1_0.numerator 
    from
        participant p1_0 
    where
        (
            p1_0.member_id, p1_0.settlement_id
        ) in ((?, ?))
2026-01-03T22:58:48.984+09:00 DEBUG 5040 --- [restartedMain] org.hibernate.SQL                        : 
    insert 
    into
        participant
        (constant, denominator, numerator, member_id, settlement_id) 
    values
        (?, ?, ?, ?, ?)
2026-01-03T22:58:48.985+09:00 DEBUG 5040 --- [restartedMain] org.hibernate.SQL                        : 
    insert 
    into
        participant
        (constant, denominator, numerator, member_id, settlement_id) 
    values
        (?, ?, ?, ?, ?)
2026-01-03T22:58:48.986+09:00 DEBUG 5040 --- [restartedMain] org.hibernate.SQL                        : 
    insert 
    into
        participant
        (constant, denominator, numerator, member_id, settlement_id) 
    values
        (?, ?, ?, ?, ?)
2026-01-03T22:58:48.994+09:00 DEBUG 5040 --- [restartedMain] org.hibernate.SQL                        : 
    insert 
    into
        settlement
        (amount, calculate_id, item, payer_id, place, group_id, settlement_id) 
    values
        (?, ?, ?, ?, ?, ?, default)
2026-01-03T22:58:48.996+09:00 DEBUG 5040 --- [restartedMain] org.hibernate.SQL                        : 
    select
        p1_0.member_id,
        p1_0.settlement_id,
        p1_0.constant,
        p1_0.denominator,
        p1_0.numerator 
    from
        participant p1_0 
    where
        (
            p1_0.member_id, p1_0.settlement_id
        ) in ((?, ?))
2026-01-03T22:58:48.998+09:00 DEBUG 5040 --- [restartedMain] org.hibernate.SQL                        : 
    select
        p1_0.member_id,
        p1_0.settlement_id,
        p1_0.constant,
        p1_0.denominator,
        p1_0.numerator 
    from
        participant p1_0 
    where
        (
            p1_0.member_id, p1_0.settlement_id
        ) in ((?, ?))
2026-01-03T22:58:48.999+09:00 DEBUG 5040 --- [restartedMain] org.hibernate.SQL                        : 
    select
        p1_0.member_id,
        p1_0.settlement_id,
        p1_0.constant,
        p1_0.denominator,
        p1_0.numerator 
    from
        participant p1_0 
    where
        (
            p1_0.member_id, p1_0.settlement_id
        ) in ((?, ?))
2026-01-03T22:58:49.002+09:00 DEBUG 5040 --- [restartedMain] org.hibernate.SQL                        : 
    insert 
    into
        participant
        (constant, denominator, numerator, member_id, settlement_id) 
    values
        (?, ?, ?, ?, ?)
2026-01-03T22:58:49.004+09:00 DEBUG 5040 --- [restartedMain] org.hibernate.SQL                        : 
    insert 
    into
        participant
        (constant, denominator, numerator, member_id, settlement_id) 
    values
        (?, ?, ?, ?, ?)
2026-01-03T22:58:49.006+09:00 DEBUG 5040 --- [restartedMain] org.hibernate.SQL                        : 
    insert 
    into
        participant
        (constant, denominator, numerator, member_id, settlement_id) 
    values
        (?, ?, ?, ?, ?)
2026-01-03T22:58:49.007+09:00 DEBUG 5040 --- [restartedMain] org.hibernate.SQL                        : 
    insert 
    into
        calculate_detail
        (amount, calculate_id, payee_id, payer_id, calculate_detail_id) 
    values
        (?, ?, ?, ?, default)
2026-01-03T22:58:49.013+09:00 DEBUG 5040 --- [restartedMain] org.hibernate.SQL                        : 
    insert 
    into
        calculate
        (end_time, start_time, status, group_id, calculate_id) 
    values
        (?, ?, ?, ?, default)
2026-01-03T22:58:49.017+09:00 DEBUG 5040 --- [restartedMain] org.hibernate.SQL                        : 
    insert 
    into
        settlement
        (amount, calculate_id, item, payer_id, place, group_id, settlement_id) 
    values
        (?, ?, ?, ?, ?, ?, default)
2026-01-03T22:58:49.019+09:00 DEBUG 5040 --- [restartedMain] org.hibernate.SQL                        : 
    select
        p1_0.member_id,
        p1_0.settlement_id,
        p1_0.constant,
        p1_0.denominator,
        p1_0.numerator 
    from
        participant p1_0 
    where
        (
            p1_0.member_id, p1_0.settlement_id
        ) in ((?, ?))
2026-01-03T22:58:49.023+09:00 DEBUG 5040 --- [restartedMain] org.hibernate.SQL                        : 
    select
        p1_0.member_id,
        p1_0.settlement_id,
        p1_0.constant,
        p1_0.denominator,
        p1_0.numerator 
    from
        participant p1_0 
    where
        (
            p1_0.member_id, p1_0.settlement_id
        ) in ((?, ?))
2026-01-03T22:58:49.028+09:00 DEBUG 5040 --- [restartedMain] org.hibernate.SQL                        : 
    select
        p1_0.member_id,
        p1_0.settlement_id,
        p1_0.constant,
        p1_0.denominator,
        p1_0.numerator 
    from
        participant p1_0 
    where
        (
            p1_0.member_id, p1_0.settlement_id
        ) in ((?, ?))
2026-01-03T22:58:49.030+09:00 DEBUG 5040 --- [restartedMain] org.hibernate.SQL                        : 
    insert 
    into
        participant
        (constant, denominator, numerator, member_id, settlement_id) 
    values
        (?, ?, ?, ?, ?)
2026-01-03T22:58:49.031+09:00 DEBUG 5040 --- [restartedMain] org.hibernate.SQL                        : 
    insert 
    into
        participant
        (constant, denominator, numerator, member_id, settlement_id) 
    values
        (?, ?, ?, ?, ?)
2026-01-03T22:58:49.032+09:00 DEBUG 5040 --- [restartedMain] org.hibernate.SQL                        : 
    insert 
    into
        participant
        (constant, denominator, numerator, member_id, settlement_id) 
    values
        (?, ?, ?, ?, ?)
2026-01-03T22:58:49.033+09:00 DEBUG 5040 --- [restartedMain] org.hibernate.SQL                        : 
    insert 
    into
        settlement
        (amount, calculate_id, item, payer_id, place, group_id, settlement_id) 
    values
        (?, ?, ?, ?, ?, ?, default)
2026-01-03T22:58:49.036+09:00 DEBUG 5040 --- [restartedMain] org.hibernate.SQL                        : 
    select
        p1_0.member_id,
        p1_0.settlement_id,
        p1_0.constant,
        p1_0.denominator,
        p1_0.numerator 
    from
        participant p1_0 
    where
        (
            p1_0.member_id, p1_0.settlement_id
        ) in ((?, ?))
2026-01-03T22:58:49.038+09:00 DEBUG 5040 --- [restartedMain] org.hibernate.SQL                        : 
    select
        p1_0.member_id,
        p1_0.settlement_id,
        p1_0.constant,
        p1_0.denominator,
        p1_0.numerator 
    from
        participant p1_0 
    where
        (
            p1_0.member_id, p1_0.settlement_id
        ) in ((?, ?))
2026-01-03T22:58:49.040+09:00 DEBUG 5040 --- [restartedMain] org.hibernate.SQL                        : 
    select
        p1_0.member_id,
        p1_0.settlement_id,
        p1_0.constant,
        p1_0.denominator,
        p1_0.numerator 
    from
        participant p1_0 
    where
        (
            p1_0.member_id, p1_0.settlement_id
        ) in ((?, ?))
2026-01-03T22:58:49.043+09:00 DEBUG 5040 --- [restartedMain] org.hibernate.SQL                        : 
    insert 
    into
        participant
        (constant, denominator, numerator, member_id, settlement_id) 
    values
        (?, ?, ?, ?, ?)
2026-01-03T22:58:49.043+09:00 DEBUG 5040 --- [restartedMain] org.hibernate.SQL                        : 
    insert 
    into
        participant
        (constant, denominator, numerator, member_id, settlement_id) 
    values
        (?, ?, ?, ?, ?)
2026-01-03T22:58:49.045+09:00 DEBUG 5040 --- [restartedMain] org.hibernate.SQL                        : 
    insert 
    into
        participant
        (constant, denominator, numerator, member_id, settlement_id) 
    values
        (?, ?, ?, ?, ?)
2026-01-03T22:58:49.046+09:00 DEBUG 5040 --- [restartedMain] org.hibernate.SQL                        : 
    insert 
    into
        settlement
        (amount, calculate_id, item, payer_id, place, group_id, settlement_id) 
    values
        (?, ?, ?, ?, ?, ?, default)
2026-01-03T22:58:49.048+09:00 DEBUG 5040 --- [restartedMain] org.hibernate.SQL                        : 
    select
        p1_0.member_id,
        p1_0.settlement_id,
        p1_0.constant,
        p1_0.denominator,
        p1_0.numerator 
    from
        participant p1_0 
    where
        (
            p1_0.member_id, p1_0.settlement_id
        ) in ((?, ?))
2026-01-03T22:58:49.050+09:00 DEBUG 5040 --- [restartedMain] org.hibernate.SQL                        : 
    select
        p1_0.member_id,
        p1_0.settlement_id,
        p1_0.constant,
        p1_0.denominator,
        p1_0.numerator 
    from
        participant p1_0 
    where
        (
            p1_0.member_id, p1_0.settlement_id
        ) in ((?, ?))
2026-01-03T22:58:49.052+09:00 DEBUG 5040 --- [restartedMain] org.hibernate.SQL                        : 
    select
        p1_0.member_id,
        p1_0.settlement_id,
        p1_0.constant,
        p1_0.denominator,
        p1_0.numerator 
    from
        participant p1_0 
    where
        (
            p1_0.member_id, p1_0.settlement_id
        ) in ((?, ?))
2026-01-03T22:58:49.055+09:00 DEBUG 5040 --- [restartedMain] org.hibernate.SQL                        : 
    insert 
    into
        participant
        (constant, denominator, numerator, member_id, settlement_id) 
    values
        (?, ?, ?, ?, ?)
2026-01-03T22:58:49.056+09:00 DEBUG 5040 --- [restartedMain] org.hibernate.SQL                        : 
    insert 
    into
        participant
        (constant, denominator, numerator, member_id, settlement_id) 
    values
        (?, ?, ?, ?, ?)
2026-01-03T22:58:49.057+09:00 DEBUG 5040 --- [restartedMain] org.hibernate.SQL                        : 
    insert 
    into
        participant
        (constant, denominator, numerator, member_id, settlement_id) 
    values
        (?, ?, ?, ?, ?)
2026-01-03T22:58:49.062+09:00 DEBUG 5040 --- [restartedMain] org.hibernate.SQL                        : 
    insert 
    into
        calculate_detail
        (amount, calculate_id, payee_id, payer_id, calculate_detail_id) 
    values
        (?, ?, ?, ?, default)
2026-01-03T22:58:49.063+09:00 DEBUG 5040 --- [restartedMain] org.hibernate.SQL                        : 
    insert 
    into
        calculate
        (end_time, start_time, status, group_id, calculate_id) 
    values
        (?, ?, ?, ?, default)
2026-01-03T22:58:49.066+09:00 DEBUG 5040 --- [restartedMain] org.hibernate.SQL                        : 
    insert 
    into
        settlement
        (amount, calculate_id, item, payer_id, place, group_id, settlement_id) 
    values
        (?, ?, ?, ?, ?, ?, default)
2026-01-03T22:58:49.067+09:00 DEBUG 5040 --- [restartedMain] org.hibernate.SQL                        : 
    select
        p1_0.member_id,
        p1_0.settlement_id,
        p1_0.constant,
        p1_0.denominator,
        p1_0.numerator 
    from
        participant p1_0 
    where
        (
            p1_0.member_id, p1_0.settlement_id
        ) in ((?, ?))
2026-01-03T22:58:49.069+09:00 DEBUG 5040 --- [restartedMain] org.hibernate.SQL                        : 
    select
        p1_0.member_id,
        p1_0.settlement_id,
        p1_0.constant,
        p1_0.denominator,
        p1_0.numerator 
    from
        participant p1_0 
    where
        (
            p1_0.member_id, p1_0.settlement_id
        ) in ((?, ?))
2026-01-03T22:58:49.072+09:00 DEBUG 5040 --- [restartedMain] org.hibernate.SQL                        : 
    select
        p1_0.member_id,
        p1_0.settlement_id,
        p1_0.constant,
        p1_0.denominator,
        p1_0.numerator 
    from
        participant p1_0 
    where
        (
            p1_0.member_id, p1_0.settlement_id
        ) in ((?, ?))
2026-01-03T22:58:49.077+09:00 DEBUG 5040 --- [restartedMain] org.hibernate.SQL                        : 
    insert 
    into
        participant
        (constant, denominator, numerator, member_id, settlement_id) 
    values
        (?, ?, ?, ?, ?)
2026-01-03T22:58:49.078+09:00 DEBUG 5040 --- [restartedMain] org.hibernate.SQL                        : 
    insert 
    into
        participant
        (constant, denominator, numerator, member_id, settlement_id) 
    values
        (?, ?, ?, ?, ?)
2026-01-03T22:58:49.084+09:00 DEBUG 5040 --- [restartedMain] org.hibernate.SQL                        : 
    insert 
    into
        participant
        (constant, denominator, numerator, member_id, settlement_id) 
    values
        (?, ?, ?, ?, ?)
2026-01-03T22:58:49.085+09:00 DEBUG 5040 --- [restartedMain] org.hibernate.SQL                        : 
    insert 
    into
        settlement
        (amount, calculate_id, item, payer_id, place, group_id, settlement_id) 
    values
        (?, ?, ?, ?, ?, ?, default)
2026-01-03T22:58:49.088+09:00 DEBUG 5040 --- [restartedMain] org.hibernate.SQL                        : 
    select
        p1_0.member_id,
        p1_0.settlement_id,
        p1_0.constant,
        p1_0.denominator,
        p1_0.numerator 
    from
        participant p1_0 
    where
        (
            p1_0.member_id, p1_0.settlement_id
        ) in ((?, ?))
2026-01-03T22:58:49.100+09:00 DEBUG 5040 --- [restartedMain] org.hibernate.SQL                        : 
    select
        p1_0.member_id,
        p1_0.settlement_id,
        p1_0.constant,
        p1_0.denominator,
        p1_0.numerator 
    from
        participant p1_0 
    where
        (
            p1_0.member_id, p1_0.settlement_id
        ) in ((?, ?))
2026-01-03T22:58:49.102+09:00 DEBUG 5040 --- [restartedMain] org.hibernate.SQL                        : 
    select
        p1_0.member_id,
        p1_0.settlement_id,
        p1_0.constant,
        p1_0.denominator,
        p1_0.numerator 
    from
        participant p1_0 
    where
        (
            p1_0.member_id, p1_0.settlement_id
        ) in ((?, ?))
2026-01-03T22:58:49.103+09:00 DEBUG 5040 --- [restartedMain] org.hibernate.SQL                        : 
    insert 
    into
        participant
        (constant, denominator, numerator, member_id, settlement_id) 
    values
        (?, ?, ?, ?, ?)
2026-01-03T22:58:49.104+09:00 DEBUG 5040 --- [restartedMain] org.hibernate.SQL                        : 
    insert 
    into
        participant
        (constant, denominator, numerator, member_id, settlement_id) 
    values
        (?, ?, ?, ?, ?)
2026-01-03T22:58:49.104+09:00 DEBUG 5040 --- [restartedMain] org.hibernate.SQL                        : 
    insert 
    into
        participant
        (constant, denominator, numerator, member_id, settlement_id) 
    values
        (?, ?, ?, ?, ?)
2026-01-03T22:58:49.105+09:00 DEBUG 5040 --- [restartedMain] org.hibernate.SQL                        : 
    insert 
    into
        settlement
        (amount, calculate_id, item, payer_id, place, group_id, settlement_id) 
    values
        (?, ?, ?, ?, ?, ?, default)
2026-01-03T22:58:49.106+09:00 DEBUG 5040 --- [restartedMain] org.hibernate.SQL                        : 
    select
        p1_0.member_id,
        p1_0.settlement_id,
        p1_0.constant,
        p1_0.denominator,
        p1_0.numerator 
    from
        participant p1_0 
    where
        (
            p1_0.member_id, p1_0.settlement_id
        ) in ((?, ?))
2026-01-03T22:58:49.110+09:00 DEBUG 5040 --- [restartedMain] org.hibernate.SQL                        : 
    select
        p1_0.member_id,
        p1_0.settlement_id,
        p1_0.constant,
        p1_0.denominator,
        p1_0.numerator 
    from
        participant p1_0 
    where
        (
            p1_0.member_id, p1_0.settlement_id
        ) in ((?, ?))
2026-01-03T22:58:49.111+09:00 DEBUG 5040 --- [restartedMain] org.hibernate.SQL                        : 
    select
        p1_0.member_id,
        p1_0.settlement_id,
        p1_0.constant,
        p1_0.denominator,
        p1_0.numerator 
    from
        participant p1_0 
    where
        (
            p1_0.member_id, p1_0.settlement_id
        ) in ((?, ?))
2026-01-03T22:58:49.112+09:00 DEBUG 5040 --- [restartedMain] org.hibernate.SQL                        : 
    insert 
    into
        participant
        (constant, denominator, numerator, member_id, settlement_id) 
    values
        (?, ?, ?, ?, ?)
2026-01-03T22:58:49.112+09:00 DEBUG 5040 --- [restartedMain] org.hibernate.SQL                        : 
    insert 
    into
        participant
        (constant, denominator, numerator, member_id, settlement_id) 
    values
        (?, ?, ?, ?, ?)
2026-01-03T22:58:49.113+09:00 DEBUG 5040 --- [restartedMain] org.hibernate.SQL                        : 
    insert 
    into
        participant
        (constant, denominator, numerator, member_id, settlement_id) 
    values
        (?, ?, ?, ?, ?)
2026-01-03T22:58:49.113+09:00 DEBUG 5040 --- [restartedMain] org.hibernate.SQL                        : 
    insert 
    into
        calculate_detail
        (amount, calculate_id, payee_id, payer_id, calculate_detail_id) 
    values
        (?, ?, ?, ?, default)
2026-01-03T22:58:49.118+09:00  INFO 5040 --- [restartedMain] .ConditionEvaluationDeltaLoggingListener : Condition evaluation unchanged
2026-01-03T23:02:16.482+09:00  INFO 5040 --- [http-nio-8080-exec-1] o.a.c.c.C.[Tomcat].[localhost].[/]       : Initializing Spring DispatcherServlet 'dispatcherServlet'
2026-01-03T23:02:16.482+09:00  INFO 5040 --- [http-nio-8080-exec-1] o.s.web.servlet.DispatcherServlet        : Initializing Servlet 'dispatcherServlet'
2026-01-03T23:02:16.485+09:00  INFO 5040 --- [http-nio-8080-exec-1] o.s.web.servlet.DispatcherServlet        : Completed initialization in 3 ms
2026-01-03T23:02:16.490+09:00 DEBUG 5040 --- [http-nio-8080-exec-1] org.hibernate.SQL                        : 
    select
        ug1_0.group_id,
        ug1_0.group_name 
    from
        user_group ug1_0 
    where
        ug1_0.group_id=?
2026-01-03T23:02:16.556+09:00 DEBUG 5040 --- [http-nio-8080-exec-1] org.hibernate.SQL                        : 
    select
        c1_0.calculate_id,
        c1_0.end_time,
        c1_0.start_time,
        c1_0.status,
        c1_0.group_id 
    from
        calculate c1_0 
    where
        c1_0.group_id=?
2026-01-03T23:02:16.675+09:00  WARN 5040 --- [http-nio-8080-exec-2] .m.m.a.ExceptionHandlerExceptionResolver : Resolved [org.springframework.web.servlet.resource.NoResourceFoundException: No static resource favicon.ico.]
2026-01-03T23:02:32.478+09:00  INFO 41176 --- [restartedMain] c.t.b.t.TallybotBackApplication          : Starting TallybotBackApplication using Java 17.0.17 with PID 41176 (C:\Users\jhy69\OneDrive\문서\GitHub\TallyBot\api-backend\tallybot_back\build\classes\java\main started by jhy69 in C:\Users\jhy69\OneDrive\문서\GitHub\TallyBot\api-backend\tallybot_back)
2026-01-03T23:02:32.485+09:00 DEBUG 41176 --- [restartedMain] c.t.b.t.TallybotBackApplication          : Running with Spring Boot v3.4.5, Spring v6.2.6
2026-01-03T23:02:32.486+09:00  INFO 41176 --- [restartedMain] c.t.b.t.TallybotBackApplication          : The following 1 profile is active: "dev"
2026-01-03T23:02:32.577+09:00  INFO 41176 --- [restartedMain] .e.DevToolsPropertyDefaultsPostProcessor : Devtools property defaults active! Set 'spring.devtools.add-properties' to 'false' to disable
2026-01-03T23:02:32.578+09:00  INFO 41176 --- [restartedMain] .e.DevToolsPropertyDefaultsPostProcessor : For additional web related logging consider setting the 'logging.level.web' property to 'DEBUG'
2026-01-03T23:02:34.775+09:00  INFO 41176 --- [restartedMain] .s.d.r.c.RepositoryConfigurationDelegate : Bootstrapping Spring Data JPA repositories in DEFAULT mode.
2026-01-03T23:02:34.964+09:00  INFO 41176 --- [restartedMain] .s.d.r.c.RepositoryConfigurationDelegate : Finished Spring Data repository scanning in 166 ms. Found 7 JPA repository interfaces.
2026-01-03T23:02:36.923+09:00  INFO 41176 --- [restartedMain] o.s.b.w.embedded.tomcat.TomcatWebServer  : Tomcat initialized with port 8080 (http)
2026-01-03T23:02:36.950+09:00  INFO 41176 --- [restartedMain] o.apache.catalina.core.StandardService   : Starting service [Tomcat]
2026-01-03T23:02:36.951+09:00  INFO 41176 --- [restartedMain] o.apache.catalina.core.StandardEngine    : Starting Servlet engine: [Apache Tomcat/10.1.40]
2026-01-03T23:02:37.071+09:00  INFO 41176 --- [restartedMain] o.a.c.c.C.[Tomcat].[localhost].[/]       : Initializing Spring embedded WebApplicationContext
2026-01-03T23:02:37.072+09:00  INFO 41176 --- [restartedMain] w.s.c.ServletWebServerApplicationContext : Root WebApplicationContext: initialization completed in 4493 ms
2026-01-03T23:02:37.737+09:00  INFO 41176 --- [restartedMain] o.hibernate.jpa.internal.util.LogHelper  : HHH000204: Processing PersistenceUnitInfo [name: default]
2026-01-03T23:02:37.862+09:00  INFO 41176 --- [restartedMain] org.hibernate.Version                    : HHH000412: Hibernate ORM core version 6.6.13.Final
2026-01-03T23:02:37.941+09:00  INFO 41176 --- [restartedMain] o.h.c.internal.RegionFactoryInitiator    : HHH000026: Second-level cache disabled
2026-01-03T23:02:38.551+09:00  INFO 41176 --- [restartedMain] o.s.o.j.p.SpringPersistenceUnitInfo      : No LoadTimeWeaver setup: ignoring JPA class transformer
2026-01-03T23:02:38.622+09:00  INFO 41176 --- [restartedMain] com.zaxxer.hikari.HikariDataSource       : HikariPool-1 - Starting...
2026-01-03T23:02:38.999+09:00  INFO 41176 --- [restartedMain] com.zaxxer.hikari.pool.HikariPool        : HikariPool-1 - Added connection conn0: url=jdbc:h2:mem:testdb user=SA
2026-01-03T23:02:39.006+09:00  INFO 41176 --- [restartedMain] com.zaxxer.hikari.HikariDataSource       : HikariPool-1 - Start completed.
2026-01-03T23:02:39.061+09:00  WARN 41176 --- [restartedMain] org.hibernate.orm.deprecation            : HHH90000025: H2Dialect does not need to be specified explicitly using 'hibernate.dialect' (remove the property setting and it will be selected by default)
2026-01-03T23:02:39.107+09:00  INFO 41176 --- [restartedMain] org.hibernate.orm.connections.pooling    : HHH10001005: Database info:
	Database JDBC URL [Connecting through datasource 'HikariDataSource (HikariPool-1)']
	Database driver: undefined/unknown
	Database version: 2.3.232
	Autocommit mode: undefined/unknown
	Isolation level: undefined/unknown
	Minimum pool size: undefined/unknown
	Maximum pool size: undefined/unknown
2026-01-03T23:02:41.460+09:00  INFO 41176 --- [restartedMain] o.h.e.t.j.p.i.JtaPlatformInitiator       : HHH000489: No JTA platform available (set 'hibernate.transaction.jta.platform' to enable JTA platform integration)
2026-01-03T23:02:41.500+09:00 DEBUG 41176 --- [restartedMain] org.hibernate.SQL                        : 
    drop table if exists calculate cascade 
2026-01-03T23:02:41.507+09:00 DEBUG 41176 --- [restartedMain] org.hibernate.SQL                        : 
    drop table if exists calculate_detail cascade 
2026-01-03T23:02:41.507+09:00 DEBUG 41176 --- [restartedMain] org.hibernate.SQL                        : 
    drop table if exists chat cascade 
2026-01-03T23:02:41.517+09:00 DEBUG 41176 --- [restartedMain] org.hibernate.SQL                        : 
    drop table if exists member cascade 
2026-01-03T23:02:41.518+09:00 DEBUG 41176 --- [restartedMain] org.hibernate.SQL                        : 
    drop table if exists participant cascade 
2026-01-03T23:02:41.518+09:00 DEBUG 41176 --- [restartedMain] org.hibernate.SQL                        : 
    drop table if exists settlement cascade 
2026-01-03T23:02:41.518+09:00 DEBUG 41176 --- [restartedMain] org.hibernate.SQL                        : 
    drop table if exists user_group cascade 
2026-01-03T23:02:41.528+09:00 DEBUG 41176 --- [restartedMain] org.hibernate.SQL                        : 
    create table calculate (
        calculate_id bigint generated by default as identity,
        end_time timestamp(6) not null,
        group_id bigint not null,
        start_time timestamp(6) not null,
        status enum ('CALCULATING','COMPLETED','PENDING') not null,
        primary key (calculate_id)
    )
2026-01-03T23:02:41.592+09:00 DEBUG 41176 --- [restartedMain] org.hibernate.SQL                        : 
    create table calculate_detail (
        amount integer not null,
        calculate_detail_id bigint generated by default as identity,
        calculate_id bigint not null,
        payee_id bigint not null,
        payer_id bigint not null,
        primary key (calculate_detail_id)
    )
2026-01-03T23:02:41.595+09:00 DEBUG 41176 --- [restartedMain] org.hibernate.SQL                        : 
    create table chat (
        chat_id bigint generated by default as identity,
        group_id bigint not null,
        member_id bigint not null,
        timestamp timestamp(6) not null,
        message MEDIUMTEXT not null,
        primary key (chat_id)
    )
2026-01-03T23:02:41.598+09:00 DEBUG 41176 --- [restartedMain] org.hibernate.SQL                        : 
    create table member (
        group_id bigint not null,
        member_id bigint generated by default as identity,
        nickname VARCHAR(20) not null,
        primary key (member_id)
    )
2026-01-03T23:02:41.600+09:00 DEBUG 41176 --- [restartedMain] org.hibernate.SQL                        : 
    create table participant (
        constant integer not null,
        denominator INT not null,
        numerator INT not null,
        member_id bigint not null,
        settlement_id bigint not null,
        primary key (member_id, settlement_id)
    )
2026-01-03T23:02:41.607+09:00 DEBUG 41176 --- [restartedMain] org.hibernate.SQL                        : 
    create table settlement (
        amount integer not null,
        calculate_id bigint not null,
        group_id bigint not null,
        payer_id bigint not null,
        settlement_id bigint generated by default as identity,
        item varchar(63) not null,
        place varchar(63) not null,
        primary key (settlement_id)
    )
2026-01-03T23:02:41.613+09:00 DEBUG 41176 --- [restartedMain] org.hibernate.SQL                        : 
    create table user_group (
        group_id bigint not null,
        group_name VARCHAR(50) not null,
        primary key (group_id)
    )
2026-01-03T23:02:41.616+09:00 DEBUG 41176 --- [restartedMain] org.hibernate.SQL                        : 
    alter table if exists calculate 
       add constraint FKfs4jrn8l3wlod5jvvshpim6ws 
       foreign key (group_id) 
       references user_group
2026-01-03T23:02:41.643+09:00 DEBUG 41176 --- [restartedMain] org.hibernate.SQL                        : 
    alter table if exists calculate_detail 
       add constraint FK885cdgusidxshkubf5w45u1w8 
       foreign key (calculate_id) 
       references calculate
2026-01-03T23:02:41.646+09:00 DEBUG 41176 --- [restartedMain] org.hibernate.SQL                        : 
    alter table if exists calculate_detail 
       add constraint FK8wd2gu3lo6yh2hu6kc1pfithe 
       foreign key (payee_id) 
       references member
2026-01-03T23:02:41.648+09:00 DEBUG 41176 --- [restartedMain] org.hibernate.SQL                        : 
    alter table if exists calculate_detail 
       add constraint FK4dg4ixn11w2ghd35u4674ee64 
       foreign key (payer_id) 
       references member
2026-01-03T23:02:41.651+09:00 DEBUG 41176 --- [restartedMain] org.hibernate.SQL                        : 
    alter table if exists chat 
       add constraint FKgvc5hrt0h18xk63qosss3ti30 
       foreign key (member_id) 
       references member
2026-01-03T23:02:41.654+09:00 DEBUG 41176 --- [restartedMain] org.hibernate.SQL                        : 
    alter table if exists chat 
       add constraint FKgjakr3e1ux37qs8u392j9dkmo 
       foreign key (group_id) 
       references user_group
2026-01-03T23:02:41.658+09:00 DEBUG 41176 --- [restartedMain] org.hibernate.SQL                        : 
    alter table if exists member 
       add constraint FKomytwiw2f3cy5b7p829b5c006 
       foreign key (group_id) 
       references user_group
2026-01-03T23:02:41.660+09:00 DEBUG 41176 --- [restartedMain] org.hibernate.SQL                        : 
    alter table if exists participant 
       add constraint FK6wairr1n12kj12eguo7hokhm1 
       foreign key (settlement_id) 
       references settlement
2026-01-03T23:02:41.667+09:00 DEBUG 41176 --- [restartedMain] org.hibernate.SQL                        : 
    alter table if exists participant 
       add constraint FKltl2dk33cemkl32l5fo3jmh85 
       foreign key (member_id) 
       references member
2026-01-03T23:02:41.669+09:00 DEBUG 41176 --- [restartedMain] org.hibernate.SQL                        : 
    alter table if exists settlement 
       add constraint FKkmxgxvfx1l6d5e775maehvcla 
       foreign key (calculate_id) 
       references calculate
2026-01-03T23:02:41.674+09:00 DEBUG 41176 --- [restartedMain] org.hibernate.SQL                        : 
    alter table if exists settlement 
       add constraint FKd4ewh0mi4sq5g90u0sioo95p8 
       foreign key (payer_id) 
       references member
2026-01-03T23:02:41.677+09:00 DEBUG 41176 --- [restartedMain] org.hibernate.SQL                        : 
    alter table if exists settlement 
       add constraint FK919jli1nfm8bqoi64w6f1cmgk 
       foreign key (group_id) 
       references user_group
2026-01-03T23:02:41.685+09:00  INFO 41176 --- [restartedMain] j.LocalContainerEntityManagerFactoryBean : Initialized JPA EntityManagerFactory for persistence unit 'default'
2026-01-03T23:02:42.634+09:00  INFO 41176 --- [restartedMain] o.s.d.j.r.query.QueryEnhancerFactory     : Hibernate is in classpath; If applicable, HQL parser will be used.
2026-01-03T23:02:46.001+09:00  INFO 41176 --- [restartedMain] o.s.b.a.h2.H2ConsoleAutoConfiguration    : H2 console available at '/h2-console'. Database available at 'jdbc:h2:mem:testdb'
2026-01-03T23:02:46.199+09:00  INFO 41176 --- [restartedMain] o.s.b.d.a.OptionalLiveReloadServer       : LiveReload server is running on port 35729
2026-01-03T23:02:46.219+09:00  INFO 41176 --- [restartedMain] o.s.b.a.e.web.EndpointLinksResolver      : Exposing 3 endpoints beneath base path '/actuator'
2026-01-03T23:02:46.375+09:00  INFO 41176 --- [restartedMain] o.s.b.w.embedded.tomcat.TomcatWebServer  : Tomcat started on port 8080 (http) with context path '/'
2026-01-03T23:02:46.402+09:00  INFO 41176 --- [restartedMain] c.t.b.t.TallybotBackApplication          : Started TallybotBackApplication in 14.949 seconds (process running for 15.937)
2026-01-03T23:02:46.618+09:00 DEBUG 41176 --- [restartedMain] org.hibernate.SQL                        : 
    select
        count(*) 
    from
        user_group ug1_0
2026-01-03T23:02:46.726+09:00 DEBUG 41176 --- [restartedMain] org.hibernate.SQL                        : 
    select
        ug1_0.group_id,
        ug1_0.group_name 
    from
        user_group ug1_0 
    where
        ug1_0.group_id=?
2026-01-03T23:02:46.792+09:00 DEBUG 41176 --- [restartedMain] org.hibernate.SQL                        : 
    insert 
    into
        user_group
        (group_name, group_id) 
    values
        (?, ?)
2026-01-03T23:02:46.806+09:00 DEBUG 41176 --- [restartedMain] org.hibernate.SQL                        : 
    select
        null,
        ug1_0.group_name 
    from
        user_group ug1_0 
    where
        ug1_0.group_id=?
2026-01-03T23:02:46.809+09:00 DEBUG 41176 --- [restartedMain] org.hibernate.SQL                        : 
    insert 
    into
        member
        (nickname, group_id, member_id) 
    values
        (?, ?, default)
2026-01-03T23:02:46.825+09:00 DEBUG 41176 --- [restartedMain] org.hibernate.SQL                        : 
    insert 
    into
        member
        (nickname, group_id, member_id) 
    values
        (?, ?, default)
2026-01-03T23:02:46.827+09:00 DEBUG 41176 --- [restartedMain] org.hibernate.SQL                        : 
    insert 
    into
        member
        (nickname, group_id, member_id) 
    values
        (?, ?, default)
2026-01-03T23:02:46.831+09:00 DEBUG 41176 --- [restartedMain] org.hibernate.SQL                        : 
    insert 
    into
        calculate
        (end_time, start_time, status, group_id, calculate_id) 
    values
        (?, ?, ?, ?, default)
2026-01-03T23:02:46.837+09:00 DEBUG 41176 --- [restartedMain] org.hibernate.SQL                        : 
    insert 
    into
        settlement
        (amount, calculate_id, item, payer_id, place, group_id, settlement_id) 
    values
        (?, ?, ?, ?, ?, ?, default)
2026-01-03T23:02:46.844+09:00 DEBUG 41176 --- [restartedMain] org.hibernate.SQL                        : 
    select
        p1_0.member_id,
        p1_0.settlement_id,
        p1_0.constant,
        p1_0.denominator,
        p1_0.numerator 
    from
        participant p1_0 
    where
        (
            p1_0.member_id, p1_0.settlement_id
        ) in ((?, ?))
2026-01-03T23:02:46.853+09:00 DEBUG 41176 --- [restartedMain] org.hibernate.SQL                        : 
    select
        p1_0.member_id,
        p1_0.settlement_id,
        p1_0.constant,
        p1_0.denominator,
        p1_0.numerator 
    from
        participant p1_0 
    where
        (
            p1_0.member_id, p1_0.settlement_id
        ) in ((?, ?))
2026-01-03T23:02:46.858+09:00 DEBUG 41176 --- [restartedMain] org.hibernate.SQL                        : 
    select
        p1_0.member_id,
        p1_0.settlement_id,
        p1_0.constant,
        p1_0.denominator,
        p1_0.numerator 
    from
        participant p1_0 
    where
        (
            p1_0.member_id, p1_0.settlement_id
        ) in ((?, ?))
2026-01-03T23:02:46.860+09:00 DEBUG 41176 --- [restartedMain] org.hibernate.SQL                        : 
    insert 
    into
        participant
        (constant, denominator, numerator, member_id, settlement_id) 
    values
        (?, ?, ?, ?, ?)
2026-01-03T23:02:46.862+09:00 DEBUG 41176 --- [restartedMain] org.hibernate.SQL                        : 
    insert 
    into
        participant
        (constant, denominator, numerator, member_id, settlement_id) 
    values
        (?, ?, ?, ?, ?)
2026-01-03T23:02:46.864+09:00 DEBUG 41176 --- [restartedMain] org.hibernate.SQL                        : 
    insert 
    into
        participant
        (constant, denominator, numerator, member_id, settlement_id) 
    values
        (?, ?, ?, ?, ?)
2026-01-03T23:02:46.866+09:00 DEBUG 41176 --- [restartedMain] org.hibernate.SQL                        : 
    insert 
    into
        settlement
        (amount, calculate_id, item, payer_id, place, group_id, settlement_id) 
    values
        (?, ?, ?, ?, ?, ?, default)
2026-01-03T23:02:46.869+09:00 DEBUG 41176 --- [restartedMain] org.hibernate.SQL                        : 
    select
        p1_0.member_id,
        p1_0.settlement_id,
        p1_0.constant,
        p1_0.denominator,
        p1_0.numerator 
    from
        participant p1_0 
    where
        (
            p1_0.member_id, p1_0.settlement_id
        ) in ((?, ?))
2026-01-03T23:02:46.871+09:00 DEBUG 41176 --- [restartedMain] org.hibernate.SQL                        : 
    select
        p1_0.member_id,
        p1_0.settlement_id,
        p1_0.constant,
        p1_0.denominator,
        p1_0.numerator 
    from
        participant p1_0 
    where
        (
            p1_0.member_id, p1_0.settlement_id
        ) in ((?, ?))
2026-01-03T23:02:46.873+09:00 DEBUG 41176 --- [restartedMain] org.hibernate.SQL                        : 
    select
        p1_0.member_id,
        p1_0.settlement_id,
        p1_0.constant,
        p1_0.denominator,
        p1_0.numerator 
    from
        participant p1_0 
    where
        (
            p1_0.member_id, p1_0.settlement_id
        ) in ((?, ?))
2026-01-03T23:02:46.874+09:00 DEBUG 41176 --- [restartedMain] org.hibernate.SQL                        : 
    insert 
    into
        participant
        (constant, denominator, numerator, member_id, settlement_id) 
    values
        (?, ?, ?, ?, ?)
2026-01-03T23:02:46.875+09:00 DEBUG 41176 --- [restartedMain] org.hibernate.SQL                        : 
    insert 
    into
        participant
        (constant, denominator, numerator, member_id, settlement_id) 
    values
        (?, ?, ?, ?, ?)
2026-01-03T23:02:46.876+09:00 DEBUG 41176 --- [restartedMain] org.hibernate.SQL                        : 
    insert 
    into
        participant
        (constant, denominator, numerator, member_id, settlement_id) 
    values
        (?, ?, ?, ?, ?)
2026-01-03T23:02:46.878+09:00 DEBUG 41176 --- [restartedMain] org.hibernate.SQL                        : 
    insert 
    into
        settlement
        (amount, calculate_id, item, payer_id, place, group_id, settlement_id) 
    values
        (?, ?, ?, ?, ?, ?, default)
2026-01-03T23:02:46.881+09:00 DEBUG 41176 --- [restartedMain] org.hibernate.SQL                        : 
    select
        p1_0.member_id,
        p1_0.settlement_id,
        p1_0.constant,
        p1_0.denominator,
        p1_0.numerator 
    from
        participant p1_0 
    where
        (
            p1_0.member_id, p1_0.settlement_id
        ) in ((?, ?))
2026-01-03T23:02:46.883+09:00 DEBUG 41176 --- [restartedMain] org.hibernate.SQL                        : 
    select
        p1_0.member_id,
        p1_0.settlement_id,
        p1_0.constant,
        p1_0.denominator,
        p1_0.numerator 
    from
        participant p1_0 
    where
        (
            p1_0.member_id, p1_0.settlement_id
        ) in ((?, ?))
2026-01-03T23:02:46.885+09:00 DEBUG 41176 --- [restartedMain] org.hibernate.SQL                        : 
    select
        p1_0.member_id,
        p1_0.settlement_id,
        p1_0.constant,
        p1_0.denominator,
        p1_0.numerator 
    from
        participant p1_0 
    where
        (
            p1_0.member_id, p1_0.settlement_id
        ) in ((?, ?))
2026-01-03T23:02:46.888+09:00 DEBUG 41176 --- [restartedMain] org.hibernate.SQL                        : 
    insert 
    into
        participant
        (constant, denominator, numerator, member_id, settlement_id) 
    values
        (?, ?, ?, ?, ?)
2026-01-03T23:02:46.889+09:00 DEBUG 41176 --- [restartedMain] org.hibernate.SQL                        : 
    insert 
    into
        participant
        (constant, denominator, numerator, member_id, settlement_id) 
    values
        (?, ?, ?, ?, ?)
2026-01-03T23:02:46.890+09:00 DEBUG 41176 --- [restartedMain] org.hibernate.SQL                        : 
    insert 
    into
        participant
        (constant, denominator, numerator, member_id, settlement_id) 
    values
        (?, ?, ?, ?, ?)
2026-01-03T23:02:46.891+09:00 DEBUG 41176 --- [restartedMain] org.hibernate.SQL                        : 
    insert 
    into
        calculate_detail
        (amount, calculate_id, payee_id, payer_id, calculate_detail_id) 
    values
        (?, ?, ?, ?, default)
2026-01-03T23:02:46.894+09:00 DEBUG 41176 --- [restartedMain] org.hibernate.SQL                        : 
    insert 
    into
        calculate
        (end_time, start_time, status, group_id, calculate_id) 
    values
        (?, ?, ?, ?, default)
2026-01-03T23:02:46.897+09:00 DEBUG 41176 --- [restartedMain] org.hibernate.SQL                        : 
    insert 
    into
        settlement
        (amount, calculate_id, item, payer_id, place, group_id, settlement_id) 
    values
        (?, ?, ?, ?, ?, ?, default)
2026-01-03T23:02:46.901+09:00 DEBUG 41176 --- [restartedMain] org.hibernate.SQL                        : 
    select
        p1_0.member_id,
        p1_0.settlement_id,
        p1_0.constant,
        p1_0.denominator,
        p1_0.numerator 
    from
        participant p1_0 
    where
        (
            p1_0.member_id, p1_0.settlement_id
        ) in ((?, ?))
2026-01-03T23:02:46.903+09:00 DEBUG 41176 --- [restartedMain] org.hibernate.SQL                        : 
    select
        p1_0.member_id,
        p1_0.settlement_id,
        p1_0.constant,
        p1_0.denominator,
        p1_0.numerator 
    from
        participant p1_0 
    where
        (
            p1_0.member_id, p1_0.settlement_id
        ) in ((?, ?))
2026-01-03T23:02:46.905+09:00 DEBUG 41176 --- [restartedMain] org.hibernate.SQL                        : 
    select
        p1_0.member_id,
        p1_0.settlement_id,
        p1_0.constant,
        p1_0.denominator,
        p1_0.numerator 
    from
        participant p1_0 
    where
        (
            p1_0.member_id, p1_0.settlement_id
        ) in ((?, ?))
2026-01-03T23:02:46.907+09:00 DEBUG 41176 --- [restartedMain] org.hibernate.SQL                        : 
    insert 
    into
        participant
        (constant, denominator, numerator, member_id, settlement_id) 
    values
        (?, ?, ?, ?, ?)
2026-01-03T23:02:46.908+09:00 DEBUG 41176 --- [restartedMain] org.hibernate.SQL                        : 
    insert 
    into
        participant
        (constant, denominator, numerator, member_id, settlement_id) 
    values
        (?, ?, ?, ?, ?)
2026-01-03T23:02:46.910+09:00 DEBUG 41176 --- [restartedMain] org.hibernate.SQL                        : 
    insert 
    into
        participant
        (constant, denominator, numerator, member_id, settlement_id) 
    values
        (?, ?, ?, ?, ?)
2026-01-03T23:02:46.912+09:00 DEBUG 41176 --- [restartedMain] org.hibernate.SQL                        : 
    insert 
    into
        settlement
        (amount, calculate_id, item, payer_id, place, group_id, settlement_id) 
    values
        (?, ?, ?, ?, ?, ?, default)
2026-01-03T23:02:46.916+09:00 DEBUG 41176 --- [restartedMain] org.hibernate.SQL                        : 
    select
        p1_0.member_id,
        p1_0.settlement_id,
        p1_0.constant,
        p1_0.denominator,
        p1_0.numerator 
    from
        participant p1_0 
    where
        (
            p1_0.member_id, p1_0.settlement_id
        ) in ((?, ?))
2026-01-03T23:02:46.918+09:00 DEBUG 41176 --- [restartedMain] org.hibernate.SQL                        : 
    select
        p1_0.member_id,
        p1_0.settlement_id,
        p1_0.constant,
        p1_0.denominator,
        p1_0.numerator 
    from
        participant p1_0 
    where
        (
            p1_0.member_id, p1_0.settlement_id
        ) in ((?, ?))
2026-01-03T23:02:46.920+09:00 DEBUG 41176 --- [restartedMain] org.hibernate.SQL                        : 
    select
        p1_0.member_id,
        p1_0.settlement_id,
        p1_0.constant,
        p1_0.denominator,
        p1_0.numerator 
    from
        participant p1_0 
    where
        (
            p1_0.member_id, p1_0.settlement_id
        ) in ((?, ?))
2026-01-03T23:02:46.922+09:00 DEBUG 41176 --- [restartedMain] org.hibernate.SQL                        : 
    insert 
    into
        participant
        (constant, denominator, numerator, member_id, settlement_id) 
    values
        (?, ?, ?, ?, ?)
2026-01-03T23:02:46.923+09:00 DEBUG 41176 --- [restartedMain] org.hibernate.SQL                        : 
    insert 
    into
        participant
        (constant, denominator, numerator, member_id, settlement_id) 
    values
        (?, ?, ?, ?, ?)
2026-01-03T23:02:46.924+09:00 DEBUG 41176 --- [restartedMain] org.hibernate.SQL                        : 
    insert 
    into
        participant
        (constant, denominator, numerator, member_id, settlement_id) 
    values
        (?, ?, ?, ?, ?)
2026-01-03T23:02:46.924+09:00 DEBUG 41176 --- [restartedMain] org.hibernate.SQL                        : 
    insert 
    into
        settlement
        (amount, calculate_id, item, payer_id, place, group_id, settlement_id) 
    values
        (?, ?, ?, ?, ?, ?, default)
2026-01-03T23:02:46.926+09:00 DEBUG 41176 --- [restartedMain] org.hibernate.SQL                        : 
    select
        p1_0.member_id,
        p1_0.settlement_id,
        p1_0.constant,
        p1_0.denominator,
        p1_0.numerator 
    from
        participant p1_0 
    where
        (
            p1_0.member_id, p1_0.settlement_id
        ) in ((?, ?))
2026-01-03T23:02:46.929+09:00 DEBUG 41176 --- [restartedMain] org.hibernate.SQL                        : 
    select
        p1_0.member_id,
        p1_0.settlement_id,
        p1_0.constant,
        p1_0.denominator,
        p1_0.numerator 
    from
        participant p1_0 
    where
        (
            p1_0.member_id, p1_0.settlement_id
        ) in ((?, ?))
2026-01-03T23:02:46.932+09:00 DEBUG 41176 --- [restartedMain] org.hibernate.SQL                        : 
    select
        p1_0.member_id,
        p1_0.settlement_id,
        p1_0.constant,
        p1_0.denominator,
        p1_0.numerator 
    from
        participant p1_0 
    where
        (
            p1_0.member_id, p1_0.settlement_id
        ) in ((?, ?))
2026-01-03T23:02:46.934+09:00 DEBUG 41176 --- [restartedMain] org.hibernate.SQL                        : 
    insert 
    into
        participant
        (constant, denominator, numerator, member_id, settlement_id) 
    values
        (?, ?, ?, ?, ?)
2026-01-03T23:02:46.935+09:00 DEBUG 41176 --- [restartedMain] org.hibernate.SQL                        : 
    insert 
    into
        participant
        (constant, denominator, numerator, member_id, settlement_id) 
    values
        (?, ?, ?, ?, ?)
2026-01-03T23:02:46.936+09:00 DEBUG 41176 --- [restartedMain] org.hibernate.SQL                        : 
    insert 
    into
        participant
        (constant, denominator, numerator, member_id, settlement_id) 
    values
        (?, ?, ?, ?, ?)
2026-01-03T23:02:46.938+09:00 DEBUG 41176 --- [restartedMain] org.hibernate.SQL                        : 
    insert 
    into
        calculate_detail
        (amount, calculate_id, payee_id, payer_id, calculate_detail_id) 
    values
        (?, ?, ?, ?, default)
2026-01-03T23:02:46.940+09:00 DEBUG 41176 --- [restartedMain] org.hibernate.SQL                        : 
    insert 
    into
        calculate
        (end_time, start_time, status, group_id, calculate_id) 
    values
        (?, ?, ?, ?, default)
2026-01-03T23:02:46.942+09:00 DEBUG 41176 --- [restartedMain] org.hibernate.SQL                        : 
    insert 
    into
        settlement
        (amount, calculate_id, item, payer_id, place, group_id, settlement_id) 
    values
        (?, ?, ?, ?, ?, ?, default)
2026-01-03T23:02:46.944+09:00 DEBUG 41176 --- [restartedMain] org.hibernate.SQL                        : 
    select
        p1_0.member_id,
        p1_0.settlement_id,
        p1_0.constant,
        p1_0.denominator,
        p1_0.numerator 
    from
        participant p1_0 
    where
        (
            p1_0.member_id, p1_0.settlement_id
        ) in ((?, ?))
2026-01-03T23:02:46.946+09:00 DEBUG 41176 --- [restartedMain] org.hibernate.SQL                        : 
    select
        p1_0.member_id,
        p1_0.settlement_id,
        p1_0.constant,
        p1_0.denominator,
        p1_0.numerator 
    from
        participant p1_0 
    where
        (
            p1_0.member_id, p1_0.settlement_id
        ) in ((?, ?))
2026-01-03T23:02:46.949+09:00 DEBUG 41176 --- [restartedMain] org.hibernate.SQL                        : 
    select
        p1_0.member_id,
        p1_0.settlement_id,
        p1_0.constant,
        p1_0.denominator,
        p1_0.numerator 
    from
        participant p1_0 
    where
        (
            p1_0.member_id, p1_0.settlement_id
        ) in ((?, ?))
2026-01-03T23:02:46.951+09:00 DEBUG 41176 --- [restartedMain] org.hibernate.SQL                        : 
    insert 
    into
        participant
        (constant, denominator, numerator, member_id, settlement_id) 
    values
        (?, ?, ?, ?, ?)
2026-01-03T23:02:46.953+09:00 DEBUG 41176 --- [restartedMain] org.hibernate.SQL                        : 
    insert 
    into
        participant
        (constant, denominator, numerator, member_id, settlement_id) 
    values
        (?, ?, ?, ?, ?)
2026-01-03T23:02:46.954+09:00 DEBUG 41176 --- [restartedMain] org.hibernate.SQL                        : 
    insert 
    into
        participant
        (constant, denominator, numerator, member_id, settlement_id) 
    values
        (?, ?, ?, ?, ?)
2026-01-03T23:02:46.955+09:00 DEBUG 41176 --- [restartedMain] org.hibernate.SQL                        : 
    insert 
    into
        settlement
        (amount, calculate_id, item, payer_id, place, group_id, settlement_id) 
    values
        (?, ?, ?, ?, ?, ?, default)
2026-01-03T23:02:46.957+09:00 DEBUG 41176 --- [restartedMain] org.hibernate.SQL                        : 
    select
        p1_0.member_id,
        p1_0.settlement_id,
        p1_0.constant,
        p1_0.denominator,
        p1_0.numerator 
    from
        participant p1_0 
    where
        (
            p1_0.member_id, p1_0.settlement_id
        ) in ((?, ?))
2026-01-03T23:02:46.959+09:00 DEBUG 41176 --- [restartedMain] org.hibernate.SQL                        : 
    select
        p1_0.member_id,
        p1_0.settlement_id,
        p1_0.constant,
        p1_0.denominator,
        p1_0.numerator 
    from
        participant p1_0 
    where
        (
            p1_0.member_id, p1_0.settlement_id
        ) in ((?, ?))
2026-01-03T23:02:46.961+09:00 DEBUG 41176 --- [restartedMain] org.hibernate.SQL                        : 
    select
        p1_0.member_id,
        p1_0.settlement_id,
        p1_0.constant,
        p1_0.denominator,
        p1_0.numerator 
    from
        participant p1_0 
    where
        (
            p1_0.member_id, p1_0.settlement_id
        ) in ((?, ?))
2026-01-03T23:02:46.972+09:00 DEBUG 41176 --- [restartedMain] org.hibernate.SQL                        : 
    insert 
    into
        participant
        (constant, denominator, numerator, member_id, settlement_id) 
    values
        (?, ?, ?, ?, ?)
2026-01-03T23:02:46.973+09:00 DEBUG 41176 --- [restartedMain] org.hibernate.SQL                        : 
    insert 
    into
        participant
        (constant, denominator, numerator, member_id, settlement_id) 
    values
        (?, ?, ?, ?, ?)
2026-01-03T23:02:46.974+09:00 DEBUG 41176 --- [restartedMain] org.hibernate.SQL                        : 
    insert 
    into
        participant
        (constant, denominator, numerator, member_id, settlement_id) 
    values
        (?, ?, ?, ?, ?)
2026-01-03T23:02:46.975+09:00 DEBUG 41176 --- [restartedMain] org.hibernate.SQL                        : 
    insert 
    into
        settlement
        (amount, calculate_id, item, payer_id, place, group_id, settlement_id) 
    values
        (?, ?, ?, ?, ?, ?, default)
2026-01-03T23:02:46.977+09:00 DEBUG 41176 --- [restartedMain] org.hibernate.SQL                        : 
    select
        p1_0.member_id,
        p1_0.settlement_id,
        p1_0.constant,
        p1_0.denominator,
        p1_0.numerator 
    from
        participant p1_0 
    where
        (
            p1_0.member_id, p1_0.settlement_id
        ) in ((?, ?))
2026-01-03T23:02:46.979+09:00 DEBUG 41176 --- [restartedMain] org.hibernate.SQL                        : 
    select
        p1_0.member_id,
        p1_0.settlement_id,
        p1_0.constant,
        p1_0.denominator,
        p1_0.numerator 
    from
        participant p1_0 
    where
        (
            p1_0.member_id, p1_0.settlement_id
        ) in ((?, ?))
2026-01-03T23:02:46.984+09:00 DEBUG 41176 --- [restartedMain] org.hibernate.SQL                        : 
    select
        p1_0.member_id,
        p1_0.settlement_id,
        p1_0.constant,
        p1_0.denominator,
        p1_0.numerator 
    from
        participant p1_0 
    where
        (
            p1_0.member_id, p1_0.settlement_id
        ) in ((?, ?))
2026-01-03T23:02:46.986+09:00 DEBUG 41176 --- [restartedMain] org.hibernate.SQL                        : 
    insert 
    into
        participant
        (constant, denominator, numerator, member_id, settlement_id) 
    values
        (?, ?, ?, ?, ?)
2026-01-03T23:02:46.988+09:00 DEBUG 41176 --- [restartedMain] org.hibernate.SQL                        : 
    insert 
    into
        participant
        (constant, denominator, numerator, member_id, settlement_id) 
    values
        (?, ?, ?, ?, ?)
2026-01-03T23:02:46.989+09:00 DEBUG 41176 --- [restartedMain] org.hibernate.SQL                        : 
    insert 
    into
        participant
        (constant, denominator, numerator, member_id, settlement_id) 
    values
        (?, ?, ?, ?, ?)
2026-01-03T23:02:46.990+09:00 DEBUG 41176 --- [restartedMain] org.hibernate.SQL                        : 
    insert 
    into
        calculate_detail
        (amount, calculate_id, payee_id, payer_id, calculate_detail_id) 
    values
        (?, ?, ?, ?, default)
2026-01-03T23:02:48.982+09:00  INFO 41176 --- [http-nio-8080-exec-1] o.a.c.c.C.[Tomcat].[localhost].[/]       : Initializing Spring DispatcherServlet 'dispatcherServlet'
2026-01-03T23:02:48.986+09:00  INFO 41176 --- [http-nio-8080-exec-1] o.s.web.servlet.DispatcherServlet        : Initializing Servlet 'dispatcherServlet'
2026-01-03T23:02:48.990+09:00  INFO 41176 --- [http-nio-8080-exec-1] o.s.web.servlet.DispatcherServlet        : Completed initialization in 4 ms
2026-01-03T23:02:49.087+09:00 DEBUG 41176 --- [http-nio-8080-exec-1] org.hibernate.SQL                        : 
    select
        ug1_0.group_id,
        ug1_0.group_name 
    from
        user_group ug1_0 
    where
        ug1_0.group_id=?
2026-01-03T23:02:49.191+09:00 DEBUG 41176 --- [http-nio-8080-exec-1] org.hibernate.SQL                        : 
    select
        c1_0.calculate_id,
        c1_0.end_time,
        c1_0.start_time,
        c1_0.status,
        c1_0.group_id 
    from
        calculate c1_0 
    where
        c1_0.group_id=?
2026-01-03T23:02:49.433+09:00  WARN 41176 --- [http-nio-8080-exec-2] .m.m.a.ExceptionHandlerExceptionResolver : Resolved [org.springframework.web.servlet.resource.NoResourceFoundException: No static resource favicon.ico.]
